dry-run start 2026-09-15T14:25:49-04:00
native K-quant encoders from gguf-tools/libds4quants.dylib: Q4_K, Q2_K
WARNING:hf-to-gguf:Failed to load model config from /Users/panda/models/hf/Qwen3.8-Flash-Next-Uncensored: The checkpoint you are trying to load has model type `qwen4_exp` but Transformers does not recognize this architecture. This could be because of an issue with the checkpoint, or because your version of Transformers is out of date.

You can update Transformers with the command `pip install --upgrade transformers`. If this does not work, and the checkpoint is very new, then there may not be a release version that supports this model yet. In this case, you can get the most up-to-date code by installing Transformers from source with the command `pip install git+https://github.com/huggingface/transformers.git`
WARNING:hf-to-gguf:Trying to load config.json instead
INFO:hf-to-gguf:gguf: loading model weight map from 'model.safetensors.index.json'
INFO:hf-to-gguf:gguf: indexing model part 'model-00001-of-00131.safetensors'
INFO:hf-to-gguf:gguf: indexing model part 'model-00002-of-00131.safetensors'
INFO:hf-to-gguf:gguf: indexing model part 'model-00003-of-00131.safetensors'
INFO:hf-to-gguf:gguf: indexing model part 'model-00004-of-00131.safetensors'
INFO:hf-to-gguf:gguf: indexing model part 'model-00005-of-00131.safetensors'
INFO:hf-to-gguf:gguf: indexing model part 'model-00006-of-00131.safetensors'
INFO:hf-to-gguf:gguf: indexing model part 'model-00007-of-00131.safetensors'
INFO:hf-to-gguf:gguf: indexing model part 'model-00008-of-00131.safetensors'
INFO:hf-to-gguf:gguf: indexing model part 'model-00009-of-00131.safetensors'
INFO:hf-to-gguf:gguf: indexing model part 'model-00010-of-00131.safetensors'
INFO:hf-to-gguf:gguf: indexing model part 'model-00011-of-00131.safetensors'
INFO:hf-to-gguf:gguf: indexing model part 'model-00012-of-00131.safetensors'
INFO:hf-to-gguf:gguf: indexing model part 'model-00013-of-00131.safetensors'
INFO:hf-to-gguf:gguf: indexing model part 'model-00014-of-00131.safetensors'
INFO:hf-to-gguf:gguf: indexing model part 'model-00015-of-00131.safetensors'
INFO:hf-to-gguf:gguf: indexing model part 'model-00016-of-00131.safetensors'
INFO:hf-to-gguf:gguf: indexing model part 'model-00017-of-00131.safetensors'
INFO:hf-to-gguf:gguf: indexing model part 'model-00018-of-00131.safetensors'
INFO:hf-to-gguf:gguf: indexing model part 'model-00019-of-00131.safetensors'
INFO:hf-to-gguf:gguf: indexing model part 'model-00020-of-00131.safetensors'
INFO:hf-to-gguf:gguf: indexing model part 'model-00021-of-00131.safetensors'
INFO:hf-to-gguf:gguf: indexing model part 'model-00022-of-00131.safetensors'
INFO:hf-to-gguf:gguf: indexing model part 'model-00023-of-00131.safetensors'
INFO:hf-to-gguf:gguf: indexing model part 'model-00024-of-00131.safetensors'
INFO:hf-to-gguf:gguf: indexing model part 'model-00025-of-00131.safetensors'
INFO:hf-to-gguf:gguf: indexing model part 'model-00026-of-00131.safetensors'
INFO:hf-to-gguf:gguf: indexing model part 'model-00027-of-00131.safetensors'
INFO:hf-to-gguf:gguf: indexing model part 'model-00028-of-00131.safetensors'
INFO:hf-to-gguf:gguf: indexing model part 'model-00029-of-00131.safetensors'
INFO:hf-to-gguf:gguf: indexing model part 'model-00030-of-00131.safetensors'
INFO:hf-to-gguf:gguf: indexing model part 'model-00031-of-00131.safetensors'
INFO:hf-to-gguf:gguf: indexing model part 'model-00032-of-00131.safetensors'
INFO:hf-to-gguf:gguf: indexing model part 'model-00033-of-00131.safetensors'
INFO:hf-to-gguf:gguf: indexing model part 'model-00034-of-00131.safetensors'
INFO:hf-to-gguf:gguf: indexing model part 'model-00035-of-00131.safetensors'
INFO:hf-to-gguf:gguf: indexing model part 'model-00036-of-00131.safetensors'
INFO:hf-to-gguf:gguf: indexing model part 'model-00037-of-00131.safetensors'
INFO:hf-to-gguf:gguf: indexing model part 'model-00038-of-00131.safetensors'
INFO:hf-to-gguf:gguf: indexing model part 'model-00039-of-00131.safetensors'
INFO:hf-to-gguf:gguf: indexing model part 'model-00040-of-00131.safetensors'
INFO:hf-to-gguf:gguf: indexing model part 'model-00041-of-00131.safetensors'
INFO:hf-to-gguf:gguf: indexing model part 'model-00042-of-00131.safetensors'
INFO:hf-to-gguf:gguf: indexing model part 'model-00043-of-00131.safetensors'
INFO:hf-to-gguf:gguf: indexing model part 'model-00044-of-00131.safetensors'
INFO:hf-to-gguf:gguf: indexing model part 'model-00045-of-00131.safetensors'
INFO:hf-to-gguf:gguf: indexing model part 'model-00046-of-00131.safetensors'
INFO:hf-to-gguf:gguf: indexing model part 'model-00047-of-00131.safetensors'
INFO:hf-to-gguf:gguf: indexing model part 'model-00048-of-00131.safetensors'
INFO:hf-to-gguf:gguf: indexing model part 'model-00049-of-00131.safetensors'
INFO:hf-to-gguf:gguf: indexing model part 'model-00050-of-00131.safetensors'
INFO:hf-to-gguf:gguf: indexing model part 'model-00051-of-00131.safetensors'
INFO:hf-to-gguf:gguf: indexing model part 'model-00052-of-00131.safetensors'
INFO:hf-to-gguf:gguf: indexing model part 'model-00053-of-00131.safetensors'
INFO:hf-to-gguf:gguf: indexing model part 'model-00054-of-00131.safetensors'
INFO:hf-to-gguf:gguf: indexing model part 'model-00055-of-00131.safetensors'
INFO:hf-to-gguf:gguf: indexing model part 'model-00056-of-00131.safetensors'
INFO:hf-to-gguf:gguf: indexing model part 'model-00057-of-00131.safetensors'
INFO:hf-to-gguf:gguf: indexing model part 'model-00058-of-00131.safetensors'
INFO:hf-to-gguf:gguf: indexing model part 'model-00059-of-00131.safetensors'
INFO:hf-to-gguf:gguf: indexing model part 'model-00060-of-00131.safetensors'
INFO:hf-to-gguf:gguf: indexing model part 'model-00061-of-00131.safetensors'
INFO:hf-to-gguf:gguf: indexing model part 'model-00062-of-00131.safetensors'
INFO:hf-to-gguf:gguf: indexing model part 'model-00063-of-00131.safetensors'
INFO:hf-to-gguf:gguf: indexing model part 'model-00064-of-00131.safetensors'
INFO:hf-to-gguf:gguf: indexing model part 'model-00065-of-00131.safetensors'
INFO:hf-to-gguf:gguf: indexing model part 'model-00066-of-00131.safetensors'
INFO:hf-to-gguf:gguf: indexing model part 'model-00067-of-00131.safetensors'
INFO:hf-to-gguf:gguf: indexing model part 'model-00068-of-00131.safetensors'
INFO:hf-to-gguf:gguf: indexing model part 'model-00069-of-00131.safetensors'
INFO:hf-to-gguf:gguf: indexing model part 'model-00070-of-00131.safetensors'
INFO:hf-to-gguf:gguf: indexing model part 'model-00071-of-00131.safetensors'
INFO:hf-to-gguf:gguf: indexing model part 'model-00072-of-00131.safetensors'
INFO:hf-to-gguf:gguf: indexing model part 'model-00073-of-00131.safetensors'
INFO:hf-to-gguf:gguf: indexing model part 'model-00074-of-00131.safetensors'
INFO:hf-to-gguf:gguf: indexing model part 'model-00075-of-00131.safetensors'
INFO:hf-to-gguf:gguf: indexing model part 'model-00076-of-00131.safetensors'
INFO:hf-to-gguf:gguf: indexing model part 'model-00077-of-00131.safetensors'
INFO:hf-to-gguf:gguf: indexing model part 'model-00078-of-00131.safetensors'
INFO:hf-to-gguf:gguf: indexing model part 'model-00079-of-00131.safetensors'
INFO:hf-to-gguf:gguf: indexing model part 'model-00080-of-00131.safetensors'
INFO:hf-to-gguf:gguf: indexing model part 'model-00081-of-00131.safetensors'
INFO:hf-to-gguf:gguf: indexing model part 'model-00082-of-00131.safetensors'
INFO:hf-to-gguf:gguf: indexing model part 'model-00083-of-00131.safetensors'
INFO:hf-to-gguf:gguf: indexing model part 'model-00084-of-00131.safetensors'
INFO:hf-to-gguf:gguf: indexing model part 'model-00085-of-00131.safetensors'
INFO:hf-to-gguf:gguf: indexing model part 'model-00086-of-00131.safetensors'
INFO:hf-to-gguf:gguf: indexing model part 'model-00087-of-00131.safetensors'
INFO:hf-to-gguf:gguf: indexing model part 'model-00088-of-00131.safetensors'
INFO:hf-to-gguf:gguf: indexing model part 'model-00089-of-00131.safetensors'
INFO:hf-to-gguf:gguf: indexing model part 'model-00090-of-00131.safetensors'
INFO:hf-to-gguf:gguf: indexing model part 'model-00091-of-00131.safetensors'
INFO:hf-to-gguf:gguf: indexing model part 'model-00092-of-00131.safetensors'
INFO:hf-to-gguf:gguf: indexing model part 'model-00093-of-00131.safetensors'
INFO:hf-to-gguf:gguf: indexing model part 'model-00094-of-00131.safetensors'
INFO:hf-to-gguf:gguf: indexing model part 'model-00095-of-00131.safetensors'
INFO:hf-to-gguf:gguf: indexing model part 'model-00096-of-00131.safetensors'
INFO:hf-to-gguf:gguf: indexing model part 'model-00097-of-00131.safetensors'
INFO:hf-to-gguf:gguf: indexing model part 'model-00098-of-00131.safetensors'
INFO:hf-to-gguf:gguf: indexing model part 'model-00099-of-00131.safetensors'
INFO:hf-to-gguf:gguf: indexing model part 'model-00100-of-00131.safetensors'
INFO:hf-to-gguf:gguf: indexing model part 'model-00101-of-00131.safetensors'
INFO:hf-to-gguf:gguf: indexing model part 'model-00102-of-00131.safetensors'
INFO:hf-to-gguf:gguf: indexing model part 'model-00103-of-00131.safetensors'
INFO:hf-to-gguf:gguf: indexing model part 'model-00104-of-00131.safetensors'
INFO:hf-to-gguf:gguf: indexing model part 'model-00105-of-00131.safetensors'
INFO:hf-to-gguf:gguf: indexing model part 'model-00106-of-00131.safetensors'
INFO:hf-to-gguf:gguf: indexing model part 'model-00107-of-00131.safetensors'
INFO:hf-to-gguf:gguf: indexing model part 'model-00108-of-00131.safetensors'
INFO:hf-to-gguf:gguf: indexing model part 'model-00109-of-00131.safetensors'
INFO:hf-to-gguf:gguf: indexing model part 'model-00110-of-00131.safetensors'
INFO:hf-to-gguf:gguf: indexing model part 'model-00111-of-00131.safetensors'
INFO:hf-to-gguf:gguf: indexing model part 'model-00112-of-00131.safetensors'
INFO:hf-to-gguf:gguf: indexing model part 'model-00113-of-00131.safetensors'
INFO:hf-to-gguf:gguf: indexing model part 'model-00114-of-00131.safetensors'
INFO:hf-to-gguf:gguf: indexing model part 'model-00115-of-00131.safetensors'
INFO:hf-to-gguf:gguf: indexing model part 'model-00116-of-00131.safetensors'
INFO:hf-to-gguf:gguf: indexing model part 'model-00117-of-00131.safetensors'
INFO:hf-to-gguf:gguf: indexing model part 'model-00118-of-00131.safetensors'
INFO:hf-to-gguf:gguf: indexing model part 'model-00119-of-00131.safetensors'
INFO:hf-to-gguf:gguf: indexing model part 'model-00120-of-00131.safetensors'
INFO:hf-to-gguf:gguf: indexing model part 'model-00121-of-00131.safetensors'
INFO:hf-to-gguf:gguf: indexing model part 'model-00122-of-00131.safetensors'
INFO:hf-to-gguf:gguf: indexing model part 'model-00123-of-00131.safetensors'
INFO:hf-to-gguf:gguf: indexing model part 'model-00124-of-00131.safetensors'
INFO:hf-to-gguf:gguf: indexing model part 'model-00125-of-00131.safetensors'
INFO:hf-to-gguf:gguf: indexing model part 'model-00126-of-00131.safetensors'
INFO:hf-to-gguf:gguf: indexing model part 'model-00127-of-00131.safetensors'
INFO:hf-to-gguf:gguf: indexing model part 'model-00128-of-00131.safetensors'
INFO:hf-to-gguf:gguf: indexing model part 'model-00129-of-00131.safetensors'
INFO:hf-to-gguf:gguf: indexing model part 'model-00130-of-00131.safetensors'
INFO:hf-to-gguf:gguf: indexing model part 'model-00131-of-00131.safetensors'
INFO:gguf.gguf_writer:gguf: This GGUF file is for Little Endian only
INFO:hf-to-gguf:output_hc_norm.weight,            torch.bfloat16 --> F32, shape = {10240}
INFO:hf-to-gguf:output_hc_down.weight,            torch.bfloat16 --> F16, shape = {10240, 320}
INFO:hf-to-gguf:output_hc_up.weight,              torch.bfloat16 --> F16, shape = {320, 10240}
INFO:hf-to-gguf:blk.0.hc_attn_inject.weight,      torch.bfloat16 --> F16, shape = {10240, 4}
INFO:hf-to-gguf:blk.0.hc_attn_norm.weight,        torch.bfloat16 --> F32, shape = {10240}
INFO:hf-to-gguf:blk.0.hc_attn_down.weight,        torch.bfloat16 --> F16, shape = {10240, 320}
INFO:hf-to-gguf:blk.0.hc_attn_up.weight,          torch.bfloat16 --> F16, shape = {320, 10240}
INFO:hf-to-gguf:blk.0.ssm_a,                      torch.bfloat16 --> F32, shape = {48}
INFO:hf-to-gguf:blk.0.ssm_conv1d.weight,          torch.bfloat16 --> F32, shape = {4, 10240}
INFO:hf-to-gguf:blk.0.ssm_dt.bias,                torch.bfloat16 --> F32, shape = {48}
INFO:hf-to-gguf:blk.0.ssm_alpha.weight,           torch.bfloat16 --> Q8_0, shape = {2560, 48}
INFO:hf-to-gguf:blk.0.ssm_beta.weight,            torch.bfloat16 --> Q8_0, shape = {2560, 48}
INFO:hf-to-gguf:blk.0.attn_qkv.weight,            torch.bfloat16 --> Q8_0, shape = {2560, 10240}
INFO:hf-to-gguf:blk.0.attn_gate.weight,           torch.bfloat16 --> Q8_0, shape = {2560, 6144}
INFO:hf-to-gguf:blk.0.ssm_norm.weight,            torch.bfloat16 --> F32, shape = {128}
INFO:hf-to-gguf:blk.0.ssm_out.weight,             torch.bfloat16 --> Q8_0, shape = {6144, 2560}
INFO:hf-to-gguf:blk.0.ffn_gate_exps.weight,       torch.bfloat16 --> Q4_K, shape = {2560, 640, 512}
INFO:hf-to-gguf:blk.0.ffn_up_exps.weight,         torch.bfloat16 --> Q4_K, shape = {2560, 640, 512}
INFO:hf-to-gguf:blk.0.ffn_down_exps.weight,       torch.bfloat16 --> Q8_0, shape = {640, 2560, 512}
INFO:hf-to-gguf:blk.0.ffn_gate_inp.weight,        torch.bfloat16 --> F32, shape = {2560, 512}
INFO:hf-to-gguf:blk.0.ffn_down_shexp.weight,      torch.bfloat16 --> Q8_0, shape = {640, 2560}
INFO:hf-to-gguf:blk.0.ffn_gate_shexp.weight,      torch.bfloat16 --> Q8_0, shape = {2560, 640}
INFO:hf-to-gguf:blk.0.ffn_up_shexp.weight,        torch.bfloat16 --> Q8_0, shape = {2560, 640}
INFO:hf-to-gguf:blk.0.ffn_gate_inp_shexp.weight,  torch.bfloat16 --> F32, shape = {2560, 1}
INFO:hf-to-gguf:blk.0.hc_ffn_inject.weight,       torch.bfloat16 --> F16, shape = {10240, 4}
INFO:hf-to-gguf:blk.0.hc_ffn_norm.weight,         torch.bfloat16 --> F32, shape = {10240}
INFO:hf-to-gguf:blk.0.hc_ffn_down.weight,         torch.bfloat16 --> F16, shape = {10240, 320}
INFO:hf-to-gguf:blk.0.hc_ffn_up.weight,           torch.bfloat16 --> F16, shape = {320, 10240}
INFO:hf-to-gguf:blk.1.hc_attn_inject.weight,      torch.bfloat16 --> F16, shape = {10240, 4}
INFO:hf-to-gguf:blk.1.hc_attn_norm.weight,        torch.bfloat16 --> F32, shape = {10240}
INFO:hf-to-gguf:blk.1.hc_attn_down.weight,        torch.bfloat16 --> F16, shape = {10240, 320}
INFO:hf-to-gguf:blk.1.hc_attn_up.weight,          torch.bfloat16 --> F16, shape = {320, 10240}
INFO:hf-to-gguf:blk.1.ssm_a,                      torch.bfloat16 --> F32, shape = {48}
INFO:hf-to-gguf:blk.1.ssm_conv1d.weight,          torch.bfloat16 --> F32, shape = {4, 10240}
INFO:hf-to-gguf:blk.1.ssm_dt.bias,                torch.bfloat16 --> F32, shape = {48}
INFO:hf-to-gguf:blk.1.ssm_alpha.weight,           torch.bfloat16 --> Q8_0, shape = {2560, 48}
INFO:hf-to-gguf:blk.1.ssm_beta.weight,            torch.bfloat16 --> Q8_0, shape = {2560, 48}
INFO:hf-to-gguf:blk.1.attn_qkv.weight,            torch.bfloat16 --> Q8_0, shape = {2560, 10240}
INFO:hf-to-gguf:blk.1.attn_gate.weight,           torch.bfloat16 --> Q8_0, shape = {2560, 6144}
INFO:hf-to-gguf:blk.1.ssm_norm.weight,            torch.bfloat16 --> F32, shape = {128}
INFO:hf-to-gguf:blk.1.ssm_out.weight,             torch.bfloat16 --> Q8_0, shape = {6144, 2560}
INFO:hf-to-gguf:blk.1.ffn_gate_exps.weight,       torch.bfloat16 --> Q4_K, shape = {2560, 640, 512}
INFO:hf-to-gguf:blk.1.ffn_up_exps.weight,         torch.bfloat16 --> Q4_K, shape = {2560, 640, 512}
INFO:hf-to-gguf:blk.1.ffn_down_exps.weight,       torch.bfloat16 --> Q8_0, shape = {640, 2560, 512}
INFO:hf-to-gguf:blk.1.ffn_gate_inp.weight,        torch.bfloat16 --> F32, shape = {2560, 512}
INFO:hf-to-gguf:blk.1.ffn_down_shexp.weight,      torch.bfloat16 --> Q8_0, shape = {640, 2560}
INFO:hf-to-gguf:blk.1.ffn_gate_shexp.weight,      torch.bfloat16 --> Q8_0, shape = {2560, 640}
INFO:hf-to-gguf:blk.1.ffn_up_shexp.weight,        torch.bfloat16 --> Q8_0, shape = {2560, 640}
INFO:hf-to-gguf:blk.1.ffn_gate_inp_shexp.weight,  torch.bfloat16 --> F32, shape = {2560, 1}
INFO:hf-to-gguf:blk.1.hc_ffn_inject.weight,       torch.bfloat16 --> F16, shape = {10240, 4}
INFO:hf-to-gguf:blk.1.hc_ffn_norm.weight,         torch.bfloat16 --> F32, shape = {10240}
INFO:hf-to-gguf:blk.1.hc_ffn_down.weight,         torch.bfloat16 --> F16, shape = {10240, 320}
INFO:hf-to-gguf:blk.1.hc_ffn_up.weight,           torch.bfloat16 --> F16, shape = {320, 10240}
INFO:hf-to-gguf:blk.1.ple_key.weight,             torch.bfloat16 --> Q8_0, shape = {2560, 10240}
INFO:hf-to-gguf:blk.1.ple_norm_conv.weight,       torch.bfloat16 --> F32, shape = {10240}
INFO:hf-to-gguf:blk.1.ple_norm_key.weight,        torch.bfloat16 --> F32, shape = {10240}
INFO:hf-to-gguf:blk.1.ple_norm_query.weight,      torch.bfloat16 --> F32, shape = {10240}
INFO:hf-to-gguf:blk.1.ple_conv1d.weight,          torch.bfloat16 --> F32, shape = {4, 10240}
INFO:hf-to-gguf:blk.1.ple_value.weight,           torch.bfloat16 --> Q8_0, shape = {2560, 2560}
INFO:hf-to-gguf:blk.10.hc_attn_inject.weight,     torch.bfloat16 --> F16, shape = {10240, 4}
INFO:hf-to-gguf:blk.10.hc_attn_norm.weight,       torch.bfloat16 --> F32, shape = {10240}
INFO:hf-to-gguf:blk.10.hc_attn_down.weight,       torch.bfloat16 --> F16, shape = {10240, 320}
INFO:hf-to-gguf:blk.10.hc_attn_up.weight,         torch.bfloat16 --> F16, shape = {320, 10240}
INFO:hf-to-gguf:blk.10.ssm_a,                     torch.bfloat16 --> F32, shape = {48}
INFO:hf-to-gguf:blk.10.ssm_conv1d.weight,         torch.bfloat16 --> F32, shape = {4, 10240}
INFO:hf-to-gguf:blk.10.ssm_dt.bias,               torch.bfloat16 --> F32, shape = {48}
INFO:hf-to-gguf:blk.10.ssm_alpha.weight,          torch.bfloat16 --> Q8_0, shape = {2560, 48}
INFO:hf-to-gguf:blk.10.ssm_beta.weight,           torch.bfloat16 --> Q8_0, shape = {2560, 48}
INFO:hf-to-gguf:blk.10.attn_qkv.weight,           torch.bfloat16 --> Q8_0, shape = {2560, 10240}
INFO:hf-to-gguf:blk.10.attn_gate.weight,          torch.bfloat16 --> Q8_0, shape = {2560, 6144}
INFO:hf-to-gguf:blk.10.ssm_norm.weight,           torch.bfloat16 --> F32, shape = {128}
INFO:hf-to-gguf:blk.10.ssm_out.weight,            torch.bfloat16 --> Q8_0, shape = {6144, 2560}
INFO:hf-to-gguf:blk.48.nextn.hc_head_norm.weight, torch.bfloat16 --> F32, shape = {10240}
INFO:hf-to-gguf:blk.10.ffn_gate_exps.weight,      torch.bfloat16 --> Q4_K, shape = {2560, 640, 512}
INFO:hf-to-gguf:blk.10.ffn_up_exps.weight,        torch.bfloat16 --> Q4_K, shape = {2560, 640, 512}
INFO:hf-to-gguf:blk.10.ffn_down_exps.weight,      torch.bfloat16 --> Q8_0, shape = {640, 2560, 512}
INFO:hf-to-gguf:blk.10.ffn_gate_inp.weight,       torch.bfloat16 --> F32, shape = {2560, 512}
INFO:hf-to-gguf:blk.10.ffn_down_shexp.weight,     torch.bfloat16 --> Q8_0, shape = {640, 2560}
INFO:hf-to-gguf:blk.10.ffn_gate_shexp.weight,     torch.bfloat16 --> Q8_0, shape = {2560, 640}
INFO:hf-to-gguf:blk.10.ffn_up_shexp.weight,       torch.bfloat16 --> Q8_0, shape = {2560, 640}
INFO:hf-to-gguf:blk.10.ffn_gate_inp_shexp.weight, torch.bfloat16 --> F32, shape = {2560, 1}
INFO:hf-to-gguf:blk.10.hc_ffn_inject.weight,      torch.bfloat16 --> F16, shape = {10240, 4}
INFO:hf-to-gguf:blk.10.hc_ffn_norm.weight,        torch.bfloat16 --> F32, shape = {10240}
INFO:hf-to-gguf:blk.10.hc_ffn_down.weight,        torch.bfloat16 --> F16, shape = {10240, 320}
INFO:hf-to-gguf:blk.10.hc_ffn_up.weight,          torch.bfloat16 --> F16, shape = {320, 10240}
INFO:hf-to-gguf:blk.11.hc_attn_inject.weight,     torch.bfloat16 --> F16, shape = {10240, 4}
INFO:hf-to-gguf:blk.11.hc_attn_norm.weight,       torch.bfloat16 --> F32, shape = {10240}
INFO:hf-to-gguf:blk.11.hc_attn_down.weight,       torch.bfloat16 --> F16, shape = {10240, 320}
INFO:hf-to-gguf:blk.11.hc_attn_up.weight,         torch.bfloat16 --> F16, shape = {320, 10240}
INFO:hf-to-gguf:blk.11.ffn_gate_exps.weight,      torch.bfloat16 --> Q4_K, shape = {2560, 640, 512}
INFO:hf-to-gguf:blk.11.ffn_up_exps.weight,        torch.bfloat16 --> Q4_K, shape = {2560, 640, 512}
INFO:hf-to-gguf:blk.11.ffn_down_exps.weight,      torch.bfloat16 --> Q8_0, shape = {640, 2560, 512}
INFO:hf-to-gguf:blk.11.ffn_gate_inp.weight,       torch.bfloat16 --> F32, shape = {2560, 512}
INFO:hf-to-gguf:blk.11.ffn_down_shexp.weight,     torch.bfloat16 --> Q8_0, shape = {640, 2560}
INFO:hf-to-gguf:blk.11.ffn_gate_shexp.weight,     torch.bfloat16 --> Q8_0, shape = {2560, 640}
INFO:hf-to-gguf:blk.11.ffn_up_shexp.weight,       torch.bfloat16 --> Q8_0, shape = {2560, 640}
INFO:hf-to-gguf:blk.11.ffn_gate_inp_shexp.weight, torch.bfloat16 --> F32, shape = {2560, 1}
INFO:hf-to-gguf:blk.11.hc_ffn_inject.weight,      torch.bfloat16 --> F16, shape = {10240, 4}
INFO:hf-to-gguf:blk.11.hc_ffn_norm.weight,        torch.bfloat16 --> F32, shape = {10240}
INFO:hf-to-gguf:blk.11.hc_ffn_down.weight,        torch.bfloat16 --> F16, shape = {10240, 320}
INFO:hf-to-gguf:blk.11.hc_ffn_up.weight,          torch.bfloat16 --> F16, shape = {320, 10240}
INFO:hf-to-gguf:blk.11.indexer.q_proj.weight,     torch.bfloat16 --> BF16, shape = {2560, 512}
INFO:hf-to-gguf:blk.11.indexer.k_proj.weight,     torch.bfloat16 --> BF16, shape = {2560, 128}
INFO:hf-to-gguf:blk.11.indexer.k_norm.weight,     torch.bfloat16 --> F32, shape = {128}
INFO:hf-to-gguf:blk.11.indexer.q_norm.weight,     torch.bfloat16 --> F32, shape = {128}
INFO:hf-to-gguf:blk.11.attn_k_norm.weight,        torch.bfloat16 --> F32, shape = {256}
INFO:hf-to-gguf:blk.11.attn_k.weight,             torch.bfloat16 --> Q8_0, shape = {2560, 512}
INFO:hf-to-gguf:blk.11.attn_output.weight,        torch.bfloat16 --> Q8_0, shape = {6144, 2560}
INFO:hf-to-gguf:blk.11.attn_q_norm.weight,        torch.bfloat16 --> F32, shape = {256}
INFO:hf-to-gguf:blk.11.attn_q.weight,             torch.bfloat16 --> Q8_0, shape = {2560, 12288}
INFO:hf-to-gguf:blk.11.attn_v.weight,             torch.bfloat16 --> Q8_0, shape = {2560, 512}
INFO:hf-to-gguf:blk.12.hc_attn_inject.weight,     torch.bfloat16 --> F16, shape = {10240, 4}
INFO:hf-to-gguf:blk.12.hc_attn_norm.weight,       torch.bfloat16 --> F32, shape = {10240}
INFO:hf-to-gguf:blk.12.hc_attn_down.weight,       torch.bfloat16 --> F16, shape = {10240, 320}
INFO:hf-to-gguf:blk.12.hc_attn_up.weight,         torch.bfloat16 --> F16, shape = {320, 10240}
INFO:hf-to-gguf:blk.12.ssm_a,                     torch.bfloat16 --> F32, shape = {48}
INFO:hf-to-gguf:blk.12.ssm_conv1d.weight,         torch.bfloat16 --> F32, shape = {4, 10240}
INFO:hf-to-gguf:blk.12.ssm_dt.bias,               torch.bfloat16 --> F32, shape = {48}
INFO:hf-to-gguf:blk.12.ssm_alpha.weight,          torch.bfloat16 --> Q8_0, shape = {2560, 48}
INFO:hf-to-gguf:blk.12.ssm_beta.weight,           torch.bfloat16 --> Q8_0, shape = {2560, 48}
INFO:hf-to-gguf:blk.12.attn_qkv.weight,           torch.bfloat16 --> Q8_0, shape = {2560, 10240}
INFO:hf-to-gguf:blk.12.attn_gate.weight,          torch.bfloat16 --> Q8_0, shape = {2560, 6144}
INFO:hf-to-gguf:blk.12.ssm_norm.weight,           torch.bfloat16 --> F32, shape = {128}
INFO:hf-to-gguf:blk.12.ssm_out.weight,            torch.bfloat16 --> Q8_0, shape = {6144, 2560}
INFO:hf-to-gguf:blk.48.nextn.hc_head_down.weight, torch.bfloat16 --> F16, shape = {10240, 320}
INFO:hf-to-gguf:blk.12.ffn_gate_exps.weight,      torch.bfloat16 --> Q4_K, shape = {2560, 640, 512}
INFO:hf-to-gguf:blk.12.ffn_up_exps.weight,        torch.bfloat16 --> Q4_K, shape = {2560, 640, 512}
INFO:hf-to-gguf:blk.12.ffn_down_exps.weight,      torch.bfloat16 --> Q8_0, shape = {640, 2560, 512}
INFO:hf-to-gguf:blk.12.ffn_gate_inp.weight,       torch.bfloat16 --> F32, shape = {2560, 512}
INFO:hf-to-gguf:blk.12.ffn_down_shexp.weight,     torch.bfloat16 --> Q8_0, shape = {640, 2560}
INFO:hf-to-gguf:blk.12.ffn_gate_shexp.weight,     torch.bfloat16 --> Q8_0, shape = {2560, 640}
INFO:hf-to-gguf:blk.12.ffn_up_shexp.weight,       torch.bfloat16 --> Q8_0, shape = {2560, 640}
INFO:hf-to-gguf:blk.12.ffn_gate_inp_shexp.weight, torch.bfloat16 --> F32, shape = {2560, 1}
INFO:hf-to-gguf:blk.12.hc_ffn_inject.weight,      torch.bfloat16 --> F16, shape = {10240, 4}
INFO:hf-to-gguf:blk.12.hc_ffn_norm.weight,        torch.bfloat16 --> F32, shape = {10240}
INFO:hf-to-gguf:blk.12.hc_ffn_down.weight,        torch.bfloat16 --> F16, shape = {10240, 320}
INFO:hf-to-gguf:blk.12.hc_ffn_up.weight,          torch.bfloat16 --> F16, shape = {320, 10240}
INFO:hf-to-gguf:blk.13.hc_attn_inject.weight,     torch.bfloat16 --> F16, shape = {10240, 4}
INFO:hf-to-gguf:blk.13.hc_attn_norm.weight,       torch.bfloat16 --> F32, shape = {10240}
INFO:hf-to-gguf:blk.13.hc_attn_down.weight,       torch.bfloat16 --> F16, shape = {10240, 320}
INFO:hf-to-gguf:blk.13.hc_attn_up.weight,         torch.bfloat16 --> F16, shape = {320, 10240}
INFO:hf-to-gguf:blk.13.ssm_a,                     torch.bfloat16 --> F32, shape = {48}
INFO:hf-to-gguf:blk.13.ssm_conv1d.weight,         torch.bfloat16 --> F32, shape = {4, 10240}
INFO:hf-to-gguf:blk.13.ssm_dt.bias,               torch.bfloat16 --> F32, shape = {48}
INFO:hf-to-gguf:blk.13.ssm_alpha.weight,          torch.bfloat16 --> Q8_0, shape = {2560, 48}
INFO:hf-to-gguf:blk.13.ssm_beta.weight,           torch.bfloat16 --> Q8_0, shape = {2560, 48}
INFO:hf-to-gguf:blk.13.attn_qkv.weight,           torch.bfloat16 --> Q8_0, shape = {2560, 10240}
INFO:hf-to-gguf:blk.13.attn_gate.weight,          torch.bfloat16 --> Q8_0, shape = {2560, 6144}
INFO:hf-to-gguf:blk.13.ssm_norm.weight,           torch.bfloat16 --> F32, shape = {128}
INFO:hf-to-gguf:blk.13.ssm_out.weight,            torch.bfloat16 --> Q8_0, shape = {6144, 2560}
INFO:hf-to-gguf:blk.48.nextn.hc_head_up.weight,   torch.bfloat16 --> F16, shape = {320, 10240}
INFO:hf-to-gguf:blk.13.ffn_gate_exps.weight,      torch.bfloat16 --> Q4_K, shape = {2560, 640, 512}
INFO:hf-to-gguf:blk.13.ffn_up_exps.weight,        torch.bfloat16 --> Q4_K, shape = {2560, 640, 512}
INFO:hf-to-gguf:blk.13.ffn_down_exps.weight,      torch.bfloat16 --> Q8_0, shape = {640, 2560, 512}
INFO:hf-to-gguf:blk.13.ffn_gate_inp.weight,       torch.bfloat16 --> F32, shape = {2560, 512}
INFO:hf-to-gguf:blk.13.ffn_down_shexp.weight,     torch.bfloat16 --> Q8_0, shape = {640, 2560}
INFO:hf-to-gguf:blk.13.ffn_gate_shexp.weight,     torch.bfloat16 --> Q8_0, shape = {2560, 640}
INFO:hf-to-gguf:blk.13.ffn_up_shexp.weight,       torch.bfloat16 --> Q8_0, shape = {2560, 640}
INFO:hf-to-gguf:blk.13.ffn_gate_inp_shexp.weight, torch.bfloat16 --> F32, shape = {2560, 1}
INFO:hf-to-gguf:blk.13.hc_ffn_inject.weight,      torch.bfloat16 --> F16, shape = {10240, 4}
INFO:hf-to-gguf:blk.13.hc_ffn_norm.weight,        torch.bfloat16 --> F32, shape = {10240}
INFO:hf-to-gguf:blk.13.hc_ffn_down.weight,        torch.bfloat16 --> F16, shape = {10240, 320}
INFO:hf-to-gguf:blk.13.hc_ffn_up.weight,          torch.bfloat16 --> F16, shape = {320, 10240}
INFO:hf-to-gguf:blk.14.hc_attn_inject.weight,     torch.bfloat16 --> F16, shape = {10240, 4}
INFO:hf-to-gguf:blk.14.hc_attn_norm.weight,       torch.bfloat16 --> F32, shape = {10240}
INFO:hf-to-gguf:blk.14.hc_attn_down.weight,       torch.bfloat16 --> F16, shape = {10240, 320}
INFO:hf-to-gguf:blk.14.hc_attn_up.weight,         torch.bfloat16 --> F16, shape = {320, 10240}
INFO:hf-to-gguf:blk.14.ssm_a,                     torch.bfloat16 --> F32, shape = {48}
INFO:hf-to-gguf:blk.14.ssm_conv1d.weight,         torch.bfloat16 --> F32, shape = {4, 10240}
INFO:hf-to-gguf:blk.14.ssm_dt.bias,               torch.bfloat16 --> F32, shape = {48}
INFO:hf-to-gguf:blk.14.ssm_alpha.weight,          torch.bfloat16 --> Q8_0, shape = {2560, 48}
INFO:hf-to-gguf:blk.14.ssm_beta.weight,           torch.bfloat16 --> Q8_0, shape = {2560, 48}
INFO:hf-to-gguf:blk.14.attn_qkv.weight,           torch.bfloat16 --> Q8_0, shape = {2560, 10240}
INFO:hf-to-gguf:blk.14.attn_gate.weight,          torch.bfloat16 --> Q8_0, shape = {2560, 6144}
INFO:hf-to-gguf:blk.14.ssm_norm.weight,           torch.bfloat16 --> F32, shape = {128}
INFO:hf-to-gguf:blk.14.ssm_out.weight,            torch.bfloat16 --> Q8_0, shape = {6144, 2560}
INFO:hf-to-gguf:blk.14.ffn_gate_exps.weight,      torch.bfloat16 --> Q4_K, shape = {2560, 640, 512}
INFO:hf-to-gguf:blk.14.ffn_up_exps.weight,        torch.bfloat16 --> Q4_K, shape = {2560, 640, 512}
INFO:hf-to-gguf:blk.14.ffn_down_exps.weight,      torch.bfloat16 --> Q8_0, shape = {640, 2560, 512}
INFO:hf-to-gguf:blk.14.ffn_gate_inp.weight,       torch.bfloat16 --> F32, shape = {2560, 512}
INFO:hf-to-gguf:blk.14.ffn_down_shexp.weight,     torch.bfloat16 --> Q8_0, shape = {640, 2560}
INFO:hf-to-gguf:blk.14.ffn_gate_shexp.weight,     torch.bfloat16 --> Q8_0, shape = {2560, 640}
INFO:hf-to-gguf:blk.14.ffn_up_shexp.weight,       torch.bfloat16 --> Q8_0, shape = {2560, 640}
INFO:hf-to-gguf:blk.14.ffn_gate_inp_shexp.weight, torch.bfloat16 --> F32, shape = {2560, 1}
INFO:hf-to-gguf:blk.14.hc_ffn_inject.weight,      torch.bfloat16 --> F16, shape = {10240, 4}
INFO:hf-to-gguf:blk.14.hc_ffn_norm.weight,        torch.bfloat16 --> F32, shape = {10240}
INFO:hf-to-gguf:blk.14.hc_ffn_down.weight,        torch.bfloat16 --> F16, shape = {10240, 320}
INFO:hf-to-gguf:blk.14.hc_ffn_up.weight,          torch.bfloat16 --> F16, shape = {320, 10240}
INFO:hf-to-gguf:blk.15.hc_attn_inject.weight,     torch.bfloat16 --> F16, shape = {10240, 4}
INFO:hf-to-gguf:blk.15.hc_attn_norm.weight,       torch.bfloat16 --> F32, shape = {10240}
INFO:hf-to-gguf:blk.15.hc_attn_down.weight,       torch.bfloat16 --> F16, shape = {10240, 320}
INFO:hf-to-gguf:blk.15.hc_attn_up.weight,         torch.bfloat16 --> F16, shape = {320, 10240}
INFO:hf-to-gguf:blk.48.hc_attn_inject.weight,     torch.bfloat16 --> F16, shape = {10240, 4}
INFO:hf-to-gguf:blk.15.ffn_gate_exps.weight,      torch.bfloat16 --> Q4_K, shape = {2560, 640, 512}
INFO:hf-to-gguf:blk.15.ffn_up_exps.weight,        torch.bfloat16 --> Q4_K, shape = {2560, 640, 512}
INFO:hf-to-gguf:blk.15.ffn_down_exps.weight,      torch.bfloat16 --> Q8_0, shape = {640, 2560, 512}
INFO:hf-to-gguf:blk.15.ffn_gate_inp.weight,       torch.bfloat16 --> F32, shape = {2560, 512}
INFO:hf-to-gguf:blk.15.ffn_down_shexp.weight,     torch.bfloat16 --> Q8_0, shape = {640, 2560}
INFO:hf-to-gguf:blk.15.ffn_gate_shexp.weight,     torch.bfloat16 --> Q8_0, shape = {2560, 640}
INFO:hf-to-gguf:blk.15.ffn_up_shexp.weight,       torch.bfloat16 --> Q8_0, shape = {2560, 640}
INFO:hf-to-gguf:blk.15.ffn_gate_inp_shexp.weight, torch.bfloat16 --> F32, shape = {2560, 1}
INFO:hf-to-gguf:blk.15.hc_ffn_inject.weight,      torch.bfloat16 --> F16, shape = {10240, 4}
INFO:hf-to-gguf:blk.15.hc_ffn_norm.weight,        torch.bfloat16 --> F32, shape = {10240}
INFO:hf-to-gguf:blk.15.hc_ffn_down.weight,        torch.bfloat16 --> F16, shape = {10240, 320}
INFO:hf-to-gguf:blk.15.hc_ffn_up.weight,          torch.bfloat16 --> F16, shape = {320, 10240}
INFO:hf-to-gguf:blk.15.indexer.q_proj.weight,     torch.bfloat16 --> BF16, shape = {2560, 512}
INFO:hf-to-gguf:blk.15.indexer.k_proj.weight,     torch.bfloat16 --> BF16, shape = {2560, 128}
INFO:hf-to-gguf:blk.15.indexer.k_norm.weight,     torch.bfloat16 --> F32, shape = {128}
INFO:hf-to-gguf:blk.15.indexer.q_norm.weight,     torch.bfloat16 --> F32, shape = {128}
INFO:hf-to-gguf:blk.15.attn_k_norm.weight,        torch.bfloat16 --> F32, shape = {256}
INFO:hf-to-gguf:blk.15.attn_k.weight,             torch.bfloat16 --> Q8_0, shape = {2560, 512}
INFO:hf-to-gguf:blk.15.attn_output.weight,        torch.bfloat16 --> Q8_0, shape = {6144, 2560}
INFO:hf-to-gguf:blk.15.attn_q_norm.weight,        torch.bfloat16 --> F32, shape = {256}
INFO:hf-to-gguf:blk.15.attn_q.weight,             torch.bfloat16 --> Q8_0, shape = {2560, 12288}
INFO:hf-to-gguf:blk.15.attn_v.weight,             torch.bfloat16 --> Q8_0, shape = {2560, 512}
INFO:hf-to-gguf:blk.16.hc_attn_inject.weight,     torch.bfloat16 --> F16, shape = {10240, 4}
INFO:hf-to-gguf:blk.16.hc_attn_norm.weight,       torch.bfloat16 --> F32, shape = {10240}
INFO:hf-to-gguf:blk.16.hc_attn_down.weight,       torch.bfloat16 --> F16, shape = {10240, 320}
INFO:hf-to-gguf:blk.16.hc_attn_up.weight,         torch.bfloat16 --> F16, shape = {320, 10240}
INFO:hf-to-gguf:blk.16.ssm_a,                     torch.bfloat16 --> F32, shape = {48}
INFO:hf-to-gguf:blk.16.ssm_conv1d.weight,         torch.bfloat16 --> F32, shape = {4, 10240}
INFO:hf-to-gguf:blk.16.ssm_dt.bias,               torch.bfloat16 --> F32, shape = {48}
INFO:hf-to-gguf:blk.16.ssm_alpha.weight,          torch.bfloat16 --> Q8_0, shape = {2560, 48}
INFO:hf-to-gguf:blk.16.ssm_beta.weight,           torch.bfloat16 --> Q8_0, shape = {2560, 48}
INFO:hf-to-gguf:blk.16.attn_qkv.weight,           torch.bfloat16 --> Q8_0, shape = {2560, 10240}
INFO:hf-to-gguf:blk.16.attn_gate.weight,          torch.bfloat16 --> Q8_0, shape = {2560, 6144}
INFO:hf-to-gguf:blk.16.ssm_norm.weight,           torch.bfloat16 --> F32, shape = {128}
INFO:hf-to-gguf:blk.16.ssm_out.weight,            torch.bfloat16 --> Q8_0, shape = {6144, 2560}
INFO:hf-to-gguf:blk.48.hc_attn_norm.weight,       torch.bfloat16 --> F32, shape = {10240}
INFO:hf-to-gguf:blk.16.ffn_gate_exps.weight,      torch.bfloat16 --> Q4_K, shape = {2560, 640, 512}
INFO:hf-to-gguf:blk.16.ffn_up_exps.weight,        torch.bfloat16 --> Q4_K, shape = {2560, 640, 512}
INFO:hf-to-gguf:blk.16.ffn_down_exps.weight,      torch.bfloat16 --> Q8_0, shape = {640, 2560, 512}
INFO:hf-to-gguf:blk.16.ffn_gate_inp.weight,       torch.bfloat16 --> F32, shape = {2560, 512}
INFO:hf-to-gguf:blk.16.ffn_down_shexp.weight,     torch.bfloat16 --> Q8_0, shape = {640, 2560}
INFO:hf-to-gguf:blk.16.ffn_gate_shexp.weight,     torch.bfloat16 --> Q8_0, shape = {2560, 640}
INFO:hf-to-gguf:blk.16.ffn_up_shexp.weight,       torch.bfloat16 --> Q8_0, shape = {2560, 640}
INFO:hf-to-gguf:blk.16.ffn_gate_inp_shexp.weight, torch.bfloat16 --> F32, shape = {2560, 1}
INFO:hf-to-gguf:blk.16.hc_ffn_inject.weight,      torch.bfloat16 --> F16, shape = {10240, 4}
INFO:hf-to-gguf:blk.16.hc_ffn_norm.weight,        torch.bfloat16 --> F32, shape = {10240}
INFO:hf-to-gguf:blk.16.hc_ffn_down.weight,        torch.bfloat16 --> F16, shape = {10240, 320}
INFO:hf-to-gguf:blk.16.hc_ffn_up.weight,          torch.bfloat16 --> F16, shape = {320, 10240}
INFO:hf-to-gguf:blk.17.hc_attn_inject.weight,     torch.bfloat16 --> F16, shape = {10240, 4}
INFO:hf-to-gguf:blk.17.hc_attn_norm.weight,       torch.bfloat16 --> F32, shape = {10240}
INFO:hf-to-gguf:blk.17.hc_attn_down.weight,       torch.bfloat16 --> F16, shape = {10240, 320}
INFO:hf-to-gguf:blk.17.hc_attn_up.weight,         torch.bfloat16 --> F16, shape = {320, 10240}
INFO:hf-to-gguf:blk.17.ssm_a,                     torch.bfloat16 --> F32, shape = {48}
INFO:hf-to-gguf:blk.17.ssm_conv1d.weight,         torch.bfloat16 --> F32, shape = {4, 10240}
INFO:hf-to-gguf:blk.17.ssm_dt.bias,               torch.bfloat16 --> F32, shape = {48}
INFO:hf-to-gguf:blk.17.ssm_alpha.weight,          torch.bfloat16 --> Q8_0, shape = {2560, 48}
INFO:hf-to-gguf:blk.17.ssm_beta.weight,           torch.bfloat16 --> Q8_0, shape = {2560, 48}
INFO:hf-to-gguf:blk.17.attn_qkv.weight,           torch.bfloat16 --> Q8_0, shape = {2560, 10240}
INFO:hf-to-gguf:blk.17.attn_gate.weight,          torch.bfloat16 --> Q8_0, shape = {2560, 6144}
INFO:hf-to-gguf:blk.17.ssm_norm.weight,           torch.bfloat16 --> F32, shape = {128}
INFO:hf-to-gguf:blk.17.ssm_out.weight,            torch.bfloat16 --> Q8_0, shape = {6144, 2560}
INFO:hf-to-gguf:blk.17.ffn_gate_exps.weight,      torch.bfloat16 --> Q4_K, shape = {2560, 640, 512}
INFO:hf-to-gguf:blk.17.ffn_up_exps.weight,        torch.bfloat16 --> Q4_K, shape = {2560, 640, 512}
INFO:hf-to-gguf:blk.17.ffn_down_exps.weight,      torch.bfloat16 --> Q8_0, shape = {640, 2560, 512}
INFO:hf-to-gguf:blk.17.ffn_gate_inp.weight,       torch.bfloat16 --> F32, shape = {2560, 512}
INFO:hf-to-gguf:blk.17.ffn_down_shexp.weight,     torch.bfloat16 --> Q8_0, shape = {640, 2560}
INFO:hf-to-gguf:blk.17.ffn_gate_shexp.weight,     torch.bfloat16 --> Q8_0, shape = {2560, 640}
INFO:hf-to-gguf:blk.17.ffn_up_shexp.weight,       torch.bfloat16 --> Q8_0, shape = {2560, 640}
INFO:hf-to-gguf:blk.17.ffn_gate_inp_shexp.weight, torch.bfloat16 --> F32, shape = {2560, 1}
INFO:hf-to-gguf:blk.17.hc_ffn_inject.weight,      torch.bfloat16 --> F16, shape = {10240, 4}
INFO:hf-to-gguf:blk.17.hc_ffn_norm.weight,        torch.bfloat16 --> F32, shape = {10240}
INFO:hf-to-gguf:blk.17.hc_ffn_down.weight,        torch.bfloat16 --> F16, shape = {10240, 320}
INFO:hf-to-gguf:blk.17.hc_ffn_up.weight,          torch.bfloat16 --> F16, shape = {320, 10240}
INFO:hf-to-gguf:blk.18.hc_attn_inject.weight,     torch.bfloat16 --> F16, shape = {10240, 4}
INFO:hf-to-gguf:blk.18.hc_attn_norm.weight,       torch.bfloat16 --> F32, shape = {10240}
INFO:hf-to-gguf:blk.18.hc_attn_down.weight,       torch.bfloat16 --> F16, shape = {10240, 320}
INFO:hf-to-gguf:blk.18.hc_attn_up.weight,         torch.bfloat16 --> F16, shape = {320, 10240}
INFO:hf-to-gguf:blk.18.ssm_a,                     torch.bfloat16 --> F32, shape = {48}
INFO:hf-to-gguf:blk.18.ssm_conv1d.weight,         torch.bfloat16 --> F32, shape = {4, 10240}
INFO:hf-to-gguf:blk.18.ssm_dt.bias,               torch.bfloat16 --> F32, shape = {48}
INFO:hf-to-gguf:blk.18.ssm_alpha.weight,          torch.bfloat16 --> Q8_0, shape = {2560, 48}
INFO:hf-to-gguf:blk.18.ssm_beta.weight,           torch.bfloat16 --> Q8_0, shape = {2560, 48}
INFO:hf-to-gguf:blk.18.attn_qkv.weight,           torch.bfloat16 --> Q8_0, shape = {2560, 10240}
INFO:hf-to-gguf:blk.18.attn_gate.weight,          torch.bfloat16 --> Q8_0, shape = {2560, 6144}
INFO:hf-to-gguf:blk.18.ssm_norm.weight,           torch.bfloat16 --> F32, shape = {128}
INFO:hf-to-gguf:blk.18.ssm_out.weight,            torch.bfloat16 --> Q8_0, shape = {6144, 2560}
INFO:hf-to-gguf:blk.48.hc_attn_down.weight,       torch.bfloat16 --> F16, shape = {10240, 320}
INFO:hf-to-gguf:blk.18.ffn_gate_exps.weight,      torch.bfloat16 --> Q4_K, shape = {2560, 640, 512}
INFO:hf-to-gguf:blk.18.ffn_up_exps.weight,        torch.bfloat16 --> Q4_K, shape = {2560, 640, 512}
INFO:hf-to-gguf:blk.18.ffn_down_exps.weight,      torch.bfloat16 --> Q8_0, shape = {640, 2560, 512}
INFO:hf-to-gguf:blk.18.ffn_gate_inp.weight,       torch.bfloat16 --> F32, shape = {2560, 512}
INFO:hf-to-gguf:blk.18.ffn_down_shexp.weight,     torch.bfloat16 --> Q8_0, shape = {640, 2560}
INFO:hf-to-gguf:blk.18.ffn_gate_shexp.weight,     torch.bfloat16 --> Q8_0, shape = {2560, 640}
INFO:hf-to-gguf:blk.18.ffn_up_shexp.weight,       torch.bfloat16 --> Q8_0, shape = {2560, 640}
INFO:hf-to-gguf:blk.18.ffn_gate_inp_shexp.weight, torch.bfloat16 --> F32, shape = {2560, 1}
INFO:hf-to-gguf:blk.18.hc_ffn_inject.weight,      torch.bfloat16 --> F16, shape = {10240, 4}
INFO:hf-to-gguf:blk.18.hc_ffn_norm.weight,        torch.bfloat16 --> F32, shape = {10240}
INFO:hf-to-gguf:blk.18.hc_ffn_down.weight,        torch.bfloat16 --> F16, shape = {10240, 320}
INFO:hf-to-gguf:blk.18.hc_ffn_up.weight,          torch.bfloat16 --> F16, shape = {320, 10240}
INFO:hf-to-gguf:blk.19.hc_attn_inject.weight,     torch.bfloat16 --> F16, shape = {10240, 4}
INFO:hf-to-gguf:blk.19.hc_attn_norm.weight,       torch.bfloat16 --> F32, shape = {10240}
INFO:hf-to-gguf:blk.19.hc_attn_down.weight,       torch.bfloat16 --> F16, shape = {10240, 320}
INFO:hf-to-gguf:blk.19.hc_attn_up.weight,         torch.bfloat16 --> F16, shape = {320, 10240}
INFO:hf-to-gguf:blk.19.ffn_gate_exps.weight,      torch.bfloat16 --> Q4_K, shape = {2560, 640, 512}
INFO:hf-to-gguf:blk.19.ffn_up_exps.weight,        torch.bfloat16 --> Q4_K, shape = {2560, 640, 512}
INFO:hf-to-gguf:blk.19.ffn_down_exps.weight,      torch.bfloat16 --> Q8_0, shape = {640, 2560, 512}
INFO:hf-to-gguf:blk.19.ffn_gate_inp.weight,       torch.bfloat16 --> F32, shape = {2560, 512}
INFO:hf-to-gguf:blk.19.ffn_down_shexp.weight,     torch.bfloat16 --> Q8_0, shape = {640, 2560}
INFO:hf-to-gguf:blk.19.ffn_gate_shexp.weight,     torch.bfloat16 --> Q8_0, shape = {2560, 640}
INFO:hf-to-gguf:blk.19.ffn_up_shexp.weight,       torch.bfloat16 --> Q8_0, shape = {2560, 640}
INFO:hf-to-gguf:blk.19.ffn_gate_inp_shexp.weight, torch.bfloat16 --> F32, shape = {2560, 1}
INFO:hf-to-gguf:blk.19.hc_ffn_inject.weight,      torch.bfloat16 --> F16, shape = {10240, 4}
INFO:hf-to-gguf:blk.19.hc_ffn_norm.weight,        torch.bfloat16 --> F32, shape = {10240}
INFO:hf-to-gguf:blk.19.hc_ffn_down.weight,        torch.bfloat16 --> F16, shape = {10240, 320}
INFO:hf-to-gguf:blk.19.hc_ffn_up.weight,          torch.bfloat16 --> F16, shape = {320, 10240}
INFO:hf-to-gguf:blk.19.indexer.q_proj.weight,     torch.bfloat16 --> BF16, shape = {2560, 512}
INFO:hf-to-gguf:blk.19.indexer.k_proj.weight,     torch.bfloat16 --> BF16, shape = {2560, 128}
INFO:hf-to-gguf:blk.19.indexer.k_norm.weight,     torch.bfloat16 --> F32, shape = {128}
INFO:hf-to-gguf:blk.19.indexer.q_norm.weight,     torch.bfloat16 --> F32, shape = {128}
INFO:hf-to-gguf:blk.19.attn_k_norm.weight,        torch.bfloat16 --> F32, shape = {256}
INFO:hf-to-gguf:blk.19.attn_k.weight,             torch.bfloat16 --> Q8_0, shape = {2560, 512}
INFO:hf-to-gguf:blk.19.attn_output.weight,        torch.bfloat16 --> Q8_0, shape = {6144, 2560}
INFO:hf-to-gguf:blk.19.attn_q_norm.weight,        torch.bfloat16 --> F32, shape = {256}
INFO:hf-to-gguf:blk.19.attn_q.weight,             torch.bfloat16 --> Q8_0, shape = {2560, 12288}
INFO:hf-to-gguf:blk.19.attn_v.weight,             torch.bfloat16 --> Q8_0, shape = {2560, 512}
INFO:hf-to-gguf:blk.2.hc_attn_inject.weight,      torch.bfloat16 --> F16, shape = {10240, 4}
INFO:hf-to-gguf:blk.2.hc_attn_norm.weight,        torch.bfloat16 --> F32, shape = {10240}
INFO:hf-to-gguf:blk.2.hc_attn_down.weight,        torch.bfloat16 --> F16, shape = {10240, 320}
INFO:hf-to-gguf:blk.2.hc_attn_up.weight,          torch.bfloat16 --> F16, shape = {320, 10240}
INFO:hf-to-gguf:blk.2.ssm_a,                      torch.bfloat16 --> F32, shape = {48}
INFO:hf-to-gguf:blk.2.ssm_conv1d.weight,          torch.bfloat16 --> F32, shape = {4, 10240}
INFO:hf-to-gguf:blk.2.ssm_dt.bias,                torch.bfloat16 --> F32, shape = {48}
INFO:hf-to-gguf:blk.2.ssm_alpha.weight,           torch.bfloat16 --> Q8_0, shape = {2560, 48}
INFO:hf-to-gguf:blk.2.ssm_beta.weight,            torch.bfloat16 --> Q8_0, shape = {2560, 48}
INFO:hf-to-gguf:blk.2.attn_qkv.weight,            torch.bfloat16 --> Q8_0, shape = {2560, 10240}
INFO:hf-to-gguf:blk.2.attn_gate.weight,           torch.bfloat16 --> Q8_0, shape = {2560, 6144}
INFO:hf-to-gguf:blk.2.ssm_norm.weight,            torch.bfloat16 --> F32, shape = {128}
INFO:hf-to-gguf:blk.2.ssm_out.weight,             torch.bfloat16 --> Q8_0, shape = {6144, 2560}
INFO:hf-to-gguf:blk.48.hc_attn_up.weight,         torch.bfloat16 --> F16, shape = {320, 10240}
INFO:hf-to-gguf:blk.2.ffn_gate_exps.weight,       torch.bfloat16 --> Q4_K, shape = {2560, 640, 512}
INFO:hf-to-gguf:blk.2.ffn_up_exps.weight,         torch.bfloat16 --> Q4_K, shape = {2560, 640, 512}
INFO:hf-to-gguf:blk.2.ffn_down_exps.weight,       torch.bfloat16 --> Q8_0, shape = {640, 2560, 512}
INFO:hf-to-gguf:blk.2.ffn_gate_inp.weight,        torch.bfloat16 --> F32, shape = {2560, 512}
INFO:hf-to-gguf:blk.2.ffn_down_shexp.weight,      torch.bfloat16 --> Q8_0, shape = {640, 2560}
INFO:hf-to-gguf:blk.2.ffn_gate_shexp.weight,      torch.bfloat16 --> Q8_0, shape = {2560, 640}
INFO:hf-to-gguf:blk.2.ffn_up_shexp.weight,        torch.bfloat16 --> Q8_0, shape = {2560, 640}
INFO:hf-to-gguf:blk.2.ffn_gate_inp_shexp.weight,  torch.bfloat16 --> F32, shape = {2560, 1}
INFO:hf-to-gguf:blk.2.hc_ffn_inject.weight,       torch.bfloat16 --> F16, shape = {10240, 4}
INFO:hf-to-gguf:blk.2.hc_ffn_norm.weight,         torch.bfloat16 --> F32, shape = {10240}
INFO:hf-to-gguf:blk.2.hc_ffn_down.weight,         torch.bfloat16 --> F16, shape = {10240, 320}
INFO:hf-to-gguf:blk.2.hc_ffn_up.weight,           torch.bfloat16 --> F16, shape = {320, 10240}
INFO:hf-to-gguf:blk.20.hc_attn_inject.weight,     torch.bfloat16 --> F16, shape = {10240, 4}
INFO:hf-to-gguf:blk.20.hc_attn_norm.weight,       torch.bfloat16 --> F32, shape = {10240}
INFO:hf-to-gguf:blk.20.hc_attn_down.weight,       torch.bfloat16 --> F16, shape = {10240, 320}
INFO:hf-to-gguf:blk.20.hc_attn_up.weight,         torch.bfloat16 --> F16, shape = {320, 10240}
INFO:hf-to-gguf:blk.20.ssm_a,                     torch.bfloat16 --> F32, shape = {48}
INFO:hf-to-gguf:blk.20.ssm_conv1d.weight,         torch.bfloat16 --> F32, shape = {4, 10240}
INFO:hf-to-gguf:blk.20.ssm_dt.bias,               torch.bfloat16 --> F32, shape = {48}
INFO:hf-to-gguf:blk.20.ssm_alpha.weight,          torch.bfloat16 --> Q8_0, shape = {2560, 48}
INFO:hf-to-gguf:blk.20.ssm_beta.weight,           torch.bfloat16 --> Q8_0, shape = {2560, 48}
INFO:hf-to-gguf:blk.20.attn_qkv.weight,           torch.bfloat16 --> Q8_0, shape = {2560, 10240}
INFO:hf-to-gguf:blk.20.attn_gate.weight,          torch.bfloat16 --> Q8_0, shape = {2560, 6144}
INFO:hf-to-gguf:blk.20.ssm_norm.weight,           torch.bfloat16 --> F32, shape = {128}
INFO:hf-to-gguf:blk.20.ssm_out.weight,            torch.bfloat16 --> Q8_0, shape = {6144, 2560}
INFO:hf-to-gguf:blk.48.ffn_gate_exps.weight,      torch.bfloat16 --> Q4_K, shape = {2560, 640, 512}
INFO:hf-to-gguf:blk.48.ffn_up_exps.weight,        torch.bfloat16 --> Q4_K, shape = {2560, 640, 512}
INFO:hf-to-gguf:blk.20.ffn_gate_exps.weight,      torch.bfloat16 --> Q4_K, shape = {2560, 640, 512}
INFO:hf-to-gguf:blk.20.ffn_up_exps.weight,        torch.bfloat16 --> Q4_K, shape = {2560, 640, 512}
INFO:hf-to-gguf:blk.20.ffn_down_exps.weight,      torch.bfloat16 --> Q8_0, shape = {640, 2560, 512}
INFO:hf-to-gguf:blk.20.ffn_gate_inp.weight,       torch.bfloat16 --> F32, shape = {2560, 512}
INFO:hf-to-gguf:blk.20.ffn_down_shexp.weight,     torch.bfloat16 --> Q8_0, shape = {640, 2560}
INFO:hf-to-gguf:blk.20.ffn_gate_shexp.weight,     torch.bfloat16 --> Q8_0, shape = {2560, 640}
INFO:hf-to-gguf:blk.20.ffn_up_shexp.weight,       torch.bfloat16 --> Q8_0, shape = {2560, 640}
INFO:hf-to-gguf:blk.20.ffn_gate_inp_shexp.weight, torch.bfloat16 --> F32, shape = {2560, 1}
INFO:hf-to-gguf:blk.20.hc_ffn_inject.weight,      torch.bfloat16 --> F16, shape = {10240, 4}
INFO:hf-to-gguf:blk.20.hc_ffn_norm.weight,        torch.bfloat16 --> F32, shape = {10240}
INFO:hf-to-gguf:blk.20.hc_ffn_down.weight,        torch.bfloat16 --> F16, shape = {10240, 320}
INFO:hf-to-gguf:blk.20.hc_ffn_up.weight,          torch.bfloat16 --> F16, shape = {320, 10240}
INFO:hf-to-gguf:blk.21.hc_attn_inject.weight,     torch.bfloat16 --> F16, shape = {10240, 4}
INFO:hf-to-gguf:blk.21.hc_attn_norm.weight,       torch.bfloat16 --> F32, shape = {10240}
INFO:hf-to-gguf:blk.21.hc_attn_down.weight,       torch.bfloat16 --> F16, shape = {10240, 320}
INFO:hf-to-gguf:blk.21.hc_attn_up.weight,         torch.bfloat16 --> F16, shape = {320, 10240}
INFO:hf-to-gguf:blk.21.ssm_a,                     torch.bfloat16 --> F32, shape = {48}
INFO:hf-to-gguf:blk.21.ssm_conv1d.weight,         torch.bfloat16 --> F32, shape = {4, 10240}
INFO:hf-to-gguf:blk.21.ssm_dt.bias,               torch.bfloat16 --> F32, shape = {48}
INFO:hf-to-gguf:blk.21.ssm_alpha.weight,          torch.bfloat16 --> Q8_0, shape = {2560, 48}
INFO:hf-to-gguf:blk.21.ssm_beta.weight,           torch.bfloat16 --> Q8_0, shape = {2560, 48}
INFO:hf-to-gguf:blk.21.attn_qkv.weight,           torch.bfloat16 --> Q8_0, shape = {2560, 10240}
INFO:hf-to-gguf:blk.21.attn_gate.weight,          torch.bfloat16 --> Q8_0, shape = {2560, 6144}
INFO:hf-to-gguf:blk.21.ssm_norm.weight,           torch.bfloat16 --> F32, shape = {128}
INFO:hf-to-gguf:blk.21.ssm_out.weight,            torch.bfloat16 --> Q8_0, shape = {6144, 2560}
INFO:hf-to-gguf:blk.48.ffn_down_exps.weight,      torch.bfloat16 --> Q8_0, shape = {640, 2560, 512}
INFO:hf-to-gguf:blk.21.ffn_gate_exps.weight,      torch.bfloat16 --> Q4_K, shape = {2560, 640, 512}
INFO:hf-to-gguf:blk.21.ffn_up_exps.weight,        torch.bfloat16 --> Q4_K, shape = {2560, 640, 512}
INFO:hf-to-gguf:blk.21.ffn_down_exps.weight,      torch.bfloat16 --> Q8_0, shape = {640, 2560, 512}
INFO:hf-to-gguf:blk.21.ffn_gate_inp.weight,       torch.bfloat16 --> F32, shape = {2560, 512}
INFO:hf-to-gguf:blk.21.ffn_down_shexp.weight,     torch.bfloat16 --> Q8_0, shape = {640, 2560}
INFO:hf-to-gguf:blk.21.ffn_gate_shexp.weight,     torch.bfloat16 --> Q8_0, shape = {2560, 640}
INFO:hf-to-gguf:blk.21.ffn_up_shexp.weight,       torch.bfloat16 --> Q8_0, shape = {2560, 640}
INFO:hf-to-gguf:blk.21.ffn_gate_inp_shexp.weight, torch.bfloat16 --> F32, shape = {2560, 1}
INFO:hf-to-gguf:blk.21.hc_ffn_inject.weight,      torch.bfloat16 --> F16, shape = {10240, 4}
INFO:hf-to-gguf:blk.21.hc_ffn_norm.weight,        torch.bfloat16 --> F32, shape = {10240}
INFO:hf-to-gguf:blk.21.hc_ffn_down.weight,        torch.bfloat16 --> F16, shape = {10240, 320}
INFO:hf-to-gguf:blk.21.hc_ffn_up.weight,          torch.bfloat16 --> F16, shape = {320, 10240}
INFO:hf-to-gguf:blk.22.hc_attn_inject.weight,     torch.bfloat16 --> F16, shape = {10240, 4}
INFO:hf-to-gguf:blk.22.hc_attn_norm.weight,       torch.bfloat16 --> F32, shape = {10240}
INFO:hf-to-gguf:blk.22.hc_attn_down.weight,       torch.bfloat16 --> F16, shape = {10240, 320}
INFO:hf-to-gguf:blk.22.hc_attn_up.weight,         torch.bfloat16 --> F16, shape = {320, 10240}
INFO:hf-to-gguf:blk.22.ssm_a,                     torch.bfloat16 --> F32, shape = {48}
INFO:hf-to-gguf:blk.22.ssm_conv1d.weight,         torch.bfloat16 --> F32, shape = {4, 10240}
INFO:hf-to-gguf:blk.22.ssm_dt.bias,               torch.bfloat16 --> F32, shape = {48}
INFO:hf-to-gguf:blk.22.ssm_alpha.weight,          torch.bfloat16 --> Q8_0, shape = {2560, 48}
INFO:hf-to-gguf:blk.22.ssm_beta.weight,           torch.bfloat16 --> Q8_0, shape = {2560, 48}
INFO:hf-to-gguf:blk.22.attn_qkv.weight,           torch.bfloat16 --> Q8_0, shape = {2560, 10240}
INFO:hf-to-gguf:blk.22.attn_gate.weight,          torch.bfloat16 --> Q8_0, shape = {2560, 6144}
INFO:hf-to-gguf:blk.22.ssm_norm.weight,           torch.bfloat16 --> F32, shape = {128}
INFO:hf-to-gguf:blk.22.ssm_out.weight,            torch.bfloat16 --> Q8_0, shape = {6144, 2560}
INFO:hf-to-gguf:blk.22.ffn_gate_exps.weight,      torch.bfloat16 --> Q4_K, shape = {2560, 640, 512}
INFO:hf-to-gguf:blk.22.ffn_up_exps.weight,        torch.bfloat16 --> Q4_K, shape = {2560, 640, 512}
INFO:hf-to-gguf:blk.22.ffn_down_exps.weight,      torch.bfloat16 --> Q8_0, shape = {640, 2560, 512}
INFO:hf-to-gguf:blk.22.ffn_gate_inp.weight,       torch.bfloat16 --> F32, shape = {2560, 512}
INFO:hf-to-gguf:blk.22.ffn_down_shexp.weight,     torch.bfloat16 --> Q8_0, shape = {640, 2560}
INFO:hf-to-gguf:blk.22.ffn_gate_shexp.weight,     torch.bfloat16 --> Q8_0, shape = {2560, 640}
INFO:hf-to-gguf:blk.22.ffn_up_shexp.weight,       torch.bfloat16 --> Q8_0, shape = {2560, 640}
INFO:hf-to-gguf:blk.22.ffn_gate_inp_shexp.weight, torch.bfloat16 --> F32, shape = {2560, 1}
INFO:hf-to-gguf:blk.22.hc_ffn_inject.weight,      torch.bfloat16 --> F16, shape = {10240, 4}
INFO:hf-to-gguf:blk.22.hc_ffn_norm.weight,        torch.bfloat16 --> F32, shape = {10240}
INFO:hf-to-gguf:blk.22.hc_ffn_down.weight,        torch.bfloat16 --> F16, shape = {10240, 320}
INFO:hf-to-gguf:blk.22.hc_ffn_up.weight,          torch.bfloat16 --> F16, shape = {320, 10240}
INFO:hf-to-gguf:blk.23.hc_attn_inject.weight,     torch.bfloat16 --> F16, shape = {10240, 4}
INFO:hf-to-gguf:blk.23.hc_attn_norm.weight,       torch.bfloat16 --> F32, shape = {10240}
INFO:hf-to-gguf:blk.23.hc_attn_down.weight,       torch.bfloat16 --> F16, shape = {10240, 320}
INFO:hf-to-gguf:blk.23.hc_attn_up.weight,         torch.bfloat16 --> F16, shape = {320, 10240}
INFO:hf-to-gguf:blk.48.ffn_gate_inp.weight,       torch.bfloat16 --> F32, shape = {2560, 512}
INFO:hf-to-gguf:blk.23.ffn_gate_exps.weight,      torch.bfloat16 --> Q4_K, shape = {2560, 640, 512}
INFO:hf-to-gguf:blk.23.ffn_up_exps.weight,        torch.bfloat16 --> Q4_K, shape = {2560, 640, 512}
INFO:hf-to-gguf:blk.23.ffn_down_exps.weight,      torch.bfloat16 --> Q8_0, shape = {640, 2560, 512}
INFO:hf-to-gguf:blk.23.ffn_gate_inp.weight,       torch.bfloat16 --> F32, shape = {2560, 512}
INFO:hf-to-gguf:blk.23.ffn_down_shexp.weight,     torch.bfloat16 --> Q8_0, shape = {640, 2560}
INFO:hf-to-gguf:blk.23.ffn_gate_shexp.weight,     torch.bfloat16 --> Q8_0, shape = {2560, 640}
INFO:hf-to-gguf:blk.23.ffn_up_shexp.weight,       torch.bfloat16 --> Q8_0, shape = {2560, 640}
INFO:hf-to-gguf:blk.23.ffn_gate_inp_shexp.weight, torch.bfloat16 --> F32, shape = {2560, 1}
INFO:hf-to-gguf:blk.23.hc_ffn_inject.weight,      torch.bfloat16 --> F16, shape = {10240, 4}
INFO:hf-to-gguf:blk.23.hc_ffn_norm.weight,        torch.bfloat16 --> F32, shape = {10240}
INFO:hf-to-gguf:blk.23.hc_ffn_down.weight,        torch.bfloat16 --> F16, shape = {10240, 320}
INFO:hf-to-gguf:blk.23.hc_ffn_up.weight,          torch.bfloat16 --> F16, shape = {320, 10240}
INFO:hf-to-gguf:blk.23.indexer.q_proj.weight,     torch.bfloat16 --> BF16, shape = {2560, 512}
INFO:hf-to-gguf:blk.23.indexer.k_proj.weight,     torch.bfloat16 --> BF16, shape = {2560, 128}
INFO:hf-to-gguf:blk.23.indexer.k_norm.weight,     torch.bfloat16 --> F32, shape = {128}
INFO:hf-to-gguf:blk.23.indexer.q_norm.weight,     torch.bfloat16 --> F32, shape = {128}
INFO:hf-to-gguf:blk.23.attn_k_norm.weight,        torch.bfloat16 --> F32, shape = {256}
INFO:hf-to-gguf:blk.23.attn_k.weight,             torch.bfloat16 --> Q8_0, shape = {2560, 512}
INFO:hf-to-gguf:blk.23.attn_output.weight,        torch.bfloat16 --> Q8_0, shape = {6144, 2560}
INFO:hf-to-gguf:blk.23.attn_q_norm.weight,        torch.bfloat16 --> F32, shape = {256}
INFO:hf-to-gguf:blk.23.attn_q.weight,             torch.bfloat16 --> Q8_0, shape = {2560, 12288}
INFO:hf-to-gguf:blk.23.attn_v.weight,             torch.bfloat16 --> Q8_0, shape = {2560, 512}
INFO:hf-to-gguf:blk.24.hc_attn_inject.weight,     torch.bfloat16 --> F16, shape = {10240, 4}
INFO:hf-to-gguf:blk.24.hc_attn_norm.weight,       torch.bfloat16 --> F32, shape = {10240}
INFO:hf-to-gguf:blk.24.hc_attn_down.weight,       torch.bfloat16 --> F16, shape = {10240, 320}
INFO:hf-to-gguf:blk.24.hc_attn_up.weight,         torch.bfloat16 --> F16, shape = {320, 10240}
INFO:hf-to-gguf:blk.24.ssm_a,                     torch.bfloat16 --> F32, shape = {48}
INFO:hf-to-gguf:blk.24.ssm_conv1d.weight,         torch.bfloat16 --> F32, shape = {4, 10240}
INFO:hf-to-gguf:blk.24.ssm_dt.bias,               torch.bfloat16 --> F32, shape = {48}
INFO:hf-to-gguf:blk.24.ssm_alpha.weight,          torch.bfloat16 --> Q8_0, shape = {2560, 48}
INFO:hf-to-gguf:blk.24.ssm_beta.weight,           torch.bfloat16 --> Q8_0, shape = {2560, 48}
INFO:hf-to-gguf:blk.24.attn_qkv.weight,           torch.bfloat16 --> Q8_0, shape = {2560, 10240}
INFO:hf-to-gguf:blk.24.attn_gate.weight,          torch.bfloat16 --> Q8_0, shape = {2560, 6144}
INFO:hf-to-gguf:blk.24.ssm_norm.weight,           torch.bfloat16 --> F32, shape = {128}
INFO:hf-to-gguf:blk.24.ssm_out.weight,            torch.bfloat16 --> Q8_0, shape = {6144, 2560}
INFO:hf-to-gguf:blk.24.ffn_gate_exps.weight,      torch.bfloat16 --> Q8_0, shape = {2560, 640, 512}
INFO:hf-to-gguf:blk.24.ffn_up_exps.weight,        torch.bfloat16 --> Q8_0, shape = {2560, 640, 512}
INFO:hf-to-gguf:blk.24.ffn_down_exps.weight,      torch.bfloat16 --> Q8_0, shape = {640, 2560, 512}
INFO:hf-to-gguf:blk.24.ffn_gate_inp.weight,       torch.bfloat16 --> F32, shape = {2560, 512}
INFO:hf-to-gguf:blk.24.ffn_down_shexp.weight,     torch.bfloat16 --> Q8_0, shape = {640, 2560}
INFO:hf-to-gguf:blk.24.ffn_gate_shexp.weight,     torch.bfloat16 --> Q8_0, shape = {2560, 640}
INFO:hf-to-gguf:blk.24.ffn_up_shexp.weight,       torch.bfloat16 --> Q8_0, shape = {2560, 640}
INFO:hf-to-gguf:blk.24.ffn_gate_inp_shexp.weight, torch.bfloat16 --> F32, shape = {2560, 1}
INFO:hf-to-gguf:blk.24.hc_ffn_inject.weight,      torch.bfloat16 --> F16, shape = {10240, 4}
INFO:hf-to-gguf:blk.24.hc_ffn_norm.weight,        torch.bfloat16 --> F32, shape = {10240}
INFO:hf-to-gguf:blk.24.hc_ffn_down.weight,        torch.bfloat16 --> F16, shape = {10240, 320}
INFO:hf-to-gguf:blk.24.hc_ffn_up.weight,          torch.bfloat16 --> F16, shape = {320, 10240}
INFO:hf-to-gguf:blk.25.hc_attn_inject.weight,     torch.bfloat16 --> F16, shape = {10240, 4}
INFO:hf-to-gguf:blk.25.hc_attn_norm.weight,       torch.bfloat16 --> F32, shape = {10240}
INFO:hf-to-gguf:blk.25.hc_attn_down.weight,       torch.bfloat16 --> F16, shape = {10240, 320}
INFO:hf-to-gguf:blk.25.hc_attn_up.weight,         torch.bfloat16 --> F16, shape = {320, 10240}
INFO:hf-to-gguf:blk.25.ssm_a,                     torch.bfloat16 --> F32, shape = {48}
INFO:hf-to-gguf:blk.25.ssm_conv1d.weight,         torch.bfloat16 --> F32, shape = {4, 10240}
INFO:hf-to-gguf:blk.25.ssm_dt.bias,               torch.bfloat16 --> F32, shape = {48}
INFO:hf-to-gguf:blk.25.ssm_alpha.weight,          torch.bfloat16 --> Q8_0, shape = {2560, 48}
INFO:hf-to-gguf:blk.25.ssm_beta.weight,           torch.bfloat16 --> Q8_0, shape = {2560, 48}
INFO:hf-to-gguf:blk.25.attn_qkv.weight,           torch.bfloat16 --> Q8_0, shape = {2560, 10240}
INFO:hf-to-gguf:blk.25.attn_gate.weight,          torch.bfloat16 --> Q8_0, shape = {2560, 6144}
INFO:hf-to-gguf:blk.25.ssm_norm.weight,           torch.bfloat16 --> F32, shape = {128}
INFO:hf-to-gguf:blk.25.ssm_out.weight,            torch.bfloat16 --> Q8_0, shape = {6144, 2560}
INFO:hf-to-gguf:blk.48.ffn_gate_inp_shexp.weight, torch.bfloat16 --> F32, shape = {2560, 1}
INFO:hf-to-gguf:blk.25.ffn_gate_exps.weight,      torch.bfloat16 --> Q4_K, shape = {2560, 640, 512}
INFO:hf-to-gguf:blk.25.ffn_up_exps.weight,        torch.bfloat16 --> Q4_K, shape = {2560, 640, 512}
INFO:hf-to-gguf:blk.25.ffn_down_exps.weight,      torch.bfloat16 --> Q8_0, shape = {640, 2560, 512}
INFO:hf-to-gguf:blk.25.ffn_gate_inp.weight,       torch.bfloat16 --> F32, shape = {2560, 512}
INFO:hf-to-gguf:blk.25.ffn_down_shexp.weight,     torch.bfloat16 --> Q8_0, shape = {640, 2560}
INFO:hf-to-gguf:blk.25.ffn_gate_shexp.weight,     torch.bfloat16 --> Q8_0, shape = {2560, 640}
INFO:hf-to-gguf:blk.25.ffn_up_shexp.weight,       torch.bfloat16 --> Q8_0, shape = {2560, 640}
INFO:hf-to-gguf:blk.25.ffn_gate_inp_shexp.weight, torch.bfloat16 --> F32, shape = {2560, 1}
INFO:hf-to-gguf:blk.25.hc_ffn_inject.weight,      torch.bfloat16 --> F16, shape = {10240, 4}
INFO:hf-to-gguf:blk.25.hc_ffn_norm.weight,        torch.bfloat16 --> F32, shape = {10240}
INFO:hf-to-gguf:blk.25.hc_ffn_down.weight,        torch.bfloat16 --> F16, shape = {10240, 320}
INFO:hf-to-gguf:blk.25.hc_ffn_up.weight,          torch.bfloat16 --> F16, shape = {320, 10240}
INFO:hf-to-gguf:blk.26.hc_attn_inject.weight,     torch.bfloat16 --> F16, shape = {10240, 4}
INFO:hf-to-gguf:blk.26.hc_attn_norm.weight,       torch.bfloat16 --> F32, shape = {10240}
INFO:hf-to-gguf:blk.26.hc_attn_down.weight,       torch.bfloat16 --> F16, shape = {10240, 320}
INFO:hf-to-gguf:blk.26.hc_attn_up.weight,         torch.bfloat16 --> F16, shape = {320, 10240}
INFO:hf-to-gguf:blk.26.ssm_a,                     torch.bfloat16 --> F32, shape = {48}
INFO:hf-to-gguf:blk.26.ssm_conv1d.weight,         torch.bfloat16 --> F32, shape = {4, 10240}
INFO:hf-to-gguf:blk.26.ssm_dt.bias,               torch.bfloat16 --> F32, shape = {48}
INFO:hf-to-gguf:blk.26.ssm_alpha.weight,          torch.bfloat16 --> Q8_0, shape = {2560, 48}
INFO:hf-to-gguf:blk.26.ssm_beta.weight,           torch.bfloat16 --> Q8_0, shape = {2560, 48}
INFO:hf-to-gguf:blk.26.attn_qkv.weight,           torch.bfloat16 --> Q8_0, shape = {2560, 10240}
INFO:hf-to-gguf:blk.26.attn_gate.weight,          torch.bfloat16 --> Q8_0, shape = {2560, 6144}
INFO:hf-to-gguf:blk.26.ssm_norm.weight,           torch.bfloat16 --> F32, shape = {128}
INFO:hf-to-gguf:blk.26.ssm_out.weight,            torch.bfloat16 --> Q8_0, shape = {6144, 2560}
INFO:hf-to-gguf:blk.48.ffn_gate_shexp.weight,     torch.bfloat16 --> Q8_0, shape = {2560, 640}
INFO:hf-to-gguf:blk.48.ffn_up_shexp.weight,       torch.bfloat16 --> Q8_0, shape = {2560, 640}
INFO:hf-to-gguf:blk.26.ffn_gate_exps.weight,      torch.bfloat16 --> Q4_K, shape = {2560, 640, 512}
INFO:hf-to-gguf:blk.26.ffn_up_exps.weight,        torch.bfloat16 --> Q4_K, shape = {2560, 640, 512}
INFO:hf-to-gguf:blk.26.ffn_down_exps.weight,      torch.bfloat16 --> Q8_0, shape = {640, 2560, 512}
INFO:hf-to-gguf:blk.26.ffn_gate_inp.weight,       torch.bfloat16 --> F32, shape = {2560, 512}
INFO:hf-to-gguf:blk.26.ffn_down_shexp.weight,     torch.bfloat16 --> Q8_0, shape = {640, 2560}
INFO:hf-to-gguf:blk.26.ffn_gate_shexp.weight,     torch.bfloat16 --> Q8_0, shape = {2560, 640}
INFO:hf-to-gguf:blk.26.ffn_up_shexp.weight,       torch.bfloat16 --> Q8_0, shape = {2560, 640}
INFO:hf-to-gguf:blk.26.ffn_gate_inp_shexp.weight, torch.bfloat16 --> F32, shape = {2560, 1}
INFO:hf-to-gguf:blk.26.hc_ffn_inject.weight,      torch.bfloat16 --> F16, shape = {10240, 4}
INFO:hf-to-gguf:blk.26.hc_ffn_norm.weight,        torch.bfloat16 --> F32, shape = {10240}
INFO:hf-to-gguf:blk.26.hc_ffn_down.weight,        torch.bfloat16 --> F16, shape = {10240, 320}
INFO:hf-to-gguf:blk.26.hc_ffn_up.weight,          torch.bfloat16 --> F16, shape = {320, 10240}
INFO:hf-to-gguf:blk.27.hc_attn_inject.weight,     torch.bfloat16 --> F16, shape = {10240, 4}
INFO:hf-to-gguf:blk.27.hc_attn_norm.weight,       torch.bfloat16 --> F32, shape = {10240}
INFO:hf-to-gguf:blk.27.hc_attn_down.weight,       torch.bfloat16 --> F16, shape = {10240, 320}
INFO:hf-to-gguf:blk.27.hc_attn_up.weight,         torch.bfloat16 --> F16, shape = {320, 10240}
INFO:hf-to-gguf:blk.27.ffn_gate_exps.weight,      torch.bfloat16 --> Q4_K, shape = {2560, 640, 512}
INFO:hf-to-gguf:blk.27.ffn_up_exps.weight,        torch.bfloat16 --> Q4_K, shape = {2560, 640, 512}
INFO:hf-to-gguf:blk.27.ffn_down_exps.weight,      torch.bfloat16 --> Q8_0, shape = {640, 2560, 512}
INFO:hf-to-gguf:blk.27.ffn_gate_inp.weight,       torch.bfloat16 --> F32, shape = {2560, 512}
INFO:hf-to-gguf:blk.27.ffn_down_shexp.weight,     torch.bfloat16 --> Q8_0, shape = {640, 2560}
INFO:hf-to-gguf:blk.27.ffn_gate_shexp.weight,     torch.bfloat16 --> Q8_0, shape = {2560, 640}
INFO:hf-to-gguf:blk.27.ffn_up_shexp.weight,       torch.bfloat16 --> Q8_0, shape = {2560, 640}
INFO:hf-to-gguf:blk.27.ffn_gate_inp_shexp.weight, torch.bfloat16 --> F32, shape = {2560, 1}
INFO:hf-to-gguf:blk.27.hc_ffn_inject.weight,      torch.bfloat16 --> F16, shape = {10240, 4}
INFO:hf-to-gguf:blk.27.hc_ffn_norm.weight,        torch.bfloat16 --> F32, shape = {10240}
INFO:hf-to-gguf:blk.27.hc_ffn_down.weight,        torch.bfloat16 --> F16, shape = {10240, 320}
INFO:hf-to-gguf:blk.27.hc_ffn_up.weight,          torch.bfloat16 --> F16, shape = {320, 10240}
INFO:hf-to-gguf:blk.27.indexer.q_proj.weight,     torch.bfloat16 --> BF16, shape = {2560, 512}
INFO:hf-to-gguf:blk.27.indexer.k_proj.weight,     torch.bfloat16 --> BF16, shape = {2560, 128}
INFO:hf-to-gguf:blk.27.indexer.k_norm.weight,     torch.bfloat16 --> F32, shape = {128}
INFO:hf-to-gguf:blk.27.indexer.q_norm.weight,     torch.bfloat16 --> F32, shape = {128}
INFO:hf-to-gguf:blk.27.attn_k_norm.weight,        torch.bfloat16 --> F32, shape = {256}
INFO:hf-to-gguf:blk.27.attn_k.weight,             torch.bfloat16 --> Q8_0, shape = {2560, 512}
INFO:hf-to-gguf:blk.27.attn_output.weight,        torch.bfloat16 --> Q8_0, shape = {6144, 2560}
INFO:hf-to-gguf:blk.27.attn_q_norm.weight,        torch.bfloat16 --> F32, shape = {256}
INFO:hf-to-gguf:blk.27.attn_q.weight,             torch.bfloat16 --> Q8_0, shape = {2560, 12288}
INFO:hf-to-gguf:blk.27.attn_v.weight,             torch.bfloat16 --> Q8_0, shape = {2560, 512}
INFO:hf-to-gguf:blk.28.hc_attn_inject.weight,     torch.bfloat16 --> F16, shape = {10240, 4}
INFO:hf-to-gguf:blk.28.hc_attn_norm.weight,       torch.bfloat16 --> F32, shape = {10240}
INFO:hf-to-gguf:blk.28.hc_attn_down.weight,       torch.bfloat16 --> F16, shape = {10240, 320}
INFO:hf-to-gguf:blk.28.hc_attn_up.weight,         torch.bfloat16 --> F16, shape = {320, 10240}
INFO:hf-to-gguf:blk.28.ssm_a,                     torch.bfloat16 --> F32, shape = {48}
INFO:hf-to-gguf:blk.28.ssm_conv1d.weight,         torch.bfloat16 --> F32, shape = {4, 10240}
INFO:hf-to-gguf:blk.28.ssm_dt.bias,               torch.bfloat16 --> F32, shape = {48}
INFO:hf-to-gguf:blk.28.ssm_alpha.weight,          torch.bfloat16 --> Q8_0, shape = {2560, 48}
INFO:hf-to-gguf:blk.28.ssm_beta.weight,           torch.bfloat16 --> Q8_0, shape = {2560, 48}
INFO:hf-to-gguf:blk.28.attn_qkv.weight,           torch.bfloat16 --> Q8_0, shape = {2560, 10240}
INFO:hf-to-gguf:blk.28.attn_gate.weight,          torch.bfloat16 --> Q8_0, shape = {2560, 6144}
INFO:hf-to-gguf:blk.28.ssm_norm.weight,           torch.bfloat16 --> F32, shape = {128}
INFO:hf-to-gguf:blk.28.ssm_out.weight,            torch.bfloat16 --> Q8_0, shape = {6144, 2560}
INFO:hf-to-gguf:blk.48.ffn_down_shexp.weight,     torch.bfloat16 --> Q8_0, shape = {640, 2560}
INFO:hf-to-gguf:blk.28.ffn_gate_exps.weight,      torch.bfloat16 --> Q4_K, shape = {2560, 640, 512}
INFO:hf-to-gguf:blk.28.ffn_up_exps.weight,        torch.bfloat16 --> Q4_K, shape = {2560, 640, 512}
INFO:hf-to-gguf:blk.28.ffn_down_exps.weight,      torch.bfloat16 --> Q8_0, shape = {640, 2560, 512}
INFO:hf-to-gguf:blk.28.ffn_gate_inp.weight,       torch.bfloat16 --> F32, shape = {2560, 512}
INFO:hf-to-gguf:blk.28.ffn_down_shexp.weight,     torch.bfloat16 --> Q8_0, shape = {640, 2560}
INFO:hf-to-gguf:blk.28.ffn_gate_shexp.weight,     torch.bfloat16 --> Q8_0, shape = {2560, 640}
INFO:hf-to-gguf:blk.28.ffn_up_shexp.weight,       torch.bfloat16 --> Q8_0, shape = {2560, 640}
INFO:hf-to-gguf:blk.28.ffn_gate_inp_shexp.weight, torch.bfloat16 --> F32, shape = {2560, 1}
INFO:hf-to-gguf:blk.28.hc_ffn_inject.weight,      torch.bfloat16 --> F16, shape = {10240, 4}
INFO:hf-to-gguf:blk.28.hc_ffn_norm.weight,        torch.bfloat16 --> F32, shape = {10240}
INFO:hf-to-gguf:blk.28.hc_ffn_down.weight,        torch.bfloat16 --> F16, shape = {10240, 320}
INFO:hf-to-gguf:blk.28.hc_ffn_up.weight,          torch.bfloat16 --> F16, shape = {320, 10240}
INFO:hf-to-gguf:blk.29.hc_attn_inject.weight,     torch.bfloat16 --> F16, shape = {10240, 4}
INFO:hf-to-gguf:blk.29.hc_attn_norm.weight,       torch.bfloat16 --> F32, shape = {10240}
INFO:hf-to-gguf:blk.29.hc_attn_down.weight,       torch.bfloat16 --> F16, shape = {10240, 320}
INFO:hf-to-gguf:blk.29.hc_attn_up.weight,         torch.bfloat16 --> F16, shape = {320, 10240}
INFO:hf-to-gguf:blk.29.ssm_a,                     torch.bfloat16 --> F32, shape = {48}
INFO:hf-to-gguf:blk.29.ssm_conv1d.weight,         torch.bfloat16 --> F32, shape = {4, 10240}
INFO:hf-to-gguf:blk.29.ssm_dt.bias,               torch.bfloat16 --> F32, shape = {48}
INFO:hf-to-gguf:blk.29.ssm_alpha.weight,          torch.bfloat16 --> Q8_0, shape = {2560, 48}
INFO:hf-to-gguf:blk.29.ssm_beta.weight,           torch.bfloat16 --> Q8_0, shape = {2560, 48}
INFO:hf-to-gguf:blk.29.attn_qkv.weight,           torch.bfloat16 --> Q8_0, shape = {2560, 10240}
INFO:hf-to-gguf:blk.29.attn_gate.weight,          torch.bfloat16 --> Q8_0, shape = {2560, 6144}
INFO:hf-to-gguf:blk.29.ssm_norm.weight,           torch.bfloat16 --> F32, shape = {128}
INFO:hf-to-gguf:blk.29.ssm_out.weight,            torch.bfloat16 --> Q8_0, shape = {6144, 2560}
INFO:hf-to-gguf:blk.48.hc_ffn_inject.weight,      torch.bfloat16 --> F16, shape = {10240, 4}
INFO:hf-to-gguf:blk.29.ffn_gate_exps.weight,      torch.bfloat16 --> Q4_K, shape = {2560, 640, 512}
INFO:hf-to-gguf:blk.29.ffn_up_exps.weight,        torch.bfloat16 --> Q4_K, shape = {2560, 640, 512}
INFO:hf-to-gguf:blk.29.ffn_down_exps.weight,      torch.bfloat16 --> Q8_0, shape = {640, 2560, 512}
INFO:hf-to-gguf:blk.29.ffn_gate_inp.weight,       torch.bfloat16 --> F32, shape = {2560, 512}
INFO:hf-to-gguf:blk.29.ffn_down_shexp.weight,     torch.bfloat16 --> Q8_0, shape = {640, 2560}
INFO:hf-to-gguf:blk.29.ffn_gate_shexp.weight,     torch.bfloat16 --> Q8_0, shape = {2560, 640}
INFO:hf-to-gguf:blk.29.ffn_up_shexp.weight,       torch.bfloat16 --> Q8_0, shape = {2560, 640}
INFO:hf-to-gguf:blk.29.ffn_gate_inp_shexp.weight, torch.bfloat16 --> F32, shape = {2560, 1}
INFO:hf-to-gguf:blk.29.hc_ffn_inject.weight,      torch.bfloat16 --> F16, shape = {10240, 4}
INFO:hf-to-gguf:blk.29.hc_ffn_norm.weight,        torch.bfloat16 --> F32, shape = {10240}
INFO:hf-to-gguf:blk.29.hc_ffn_down.weight,        torch.bfloat16 --> F16, shape = {10240, 320}
INFO:hf-to-gguf:blk.29.hc_ffn_up.weight,          torch.bfloat16 --> F16, shape = {320, 10240}
INFO:hf-to-gguf:blk.3.hc_attn_inject.weight,      torch.bfloat16 --> F16, shape = {10240, 4}
INFO:hf-to-gguf:blk.3.hc_attn_norm.weight,        torch.bfloat16 --> F32, shape = {10240}
INFO:hf-to-gguf:blk.3.hc_attn_down.weight,        torch.bfloat16 --> F16, shape = {10240, 320}
INFO:hf-to-gguf:blk.3.hc_attn_up.weight,          torch.bfloat16 --> F16, shape = {320, 10240}
INFO:hf-to-gguf:blk.3.ffn_gate_exps.weight,       torch.bfloat16 --> Q4_K, shape = {2560, 640, 512}
INFO:hf-to-gguf:blk.3.ffn_up_exps.weight,         torch.bfloat16 --> Q4_K, shape = {2560, 640, 512}
INFO:hf-to-gguf:blk.3.ffn_down_exps.weight,       torch.bfloat16 --> Q8_0, shape = {640, 2560, 512}
INFO:hf-to-gguf:blk.3.ffn_gate_inp.weight,        torch.bfloat16 --> F32, shape = {2560, 512}
INFO:hf-to-gguf:blk.3.ffn_down_shexp.weight,      torch.bfloat16 --> Q8_0, shape = {640, 2560}
INFO:hf-to-gguf:blk.3.ffn_gate_shexp.weight,      torch.bfloat16 --> Q8_0, shape = {2560, 640}
INFO:hf-to-gguf:blk.3.ffn_up_shexp.weight,        torch.bfloat16 --> Q8_0, shape = {2560, 640}
INFO:hf-to-gguf:blk.3.ffn_gate_inp_shexp.weight,  torch.bfloat16 --> F32, shape = {2560, 1}
INFO:hf-to-gguf:blk.3.hc_ffn_inject.weight,       torch.bfloat16 --> F16, shape = {10240, 4}
INFO:hf-to-gguf:blk.3.hc_ffn_norm.weight,         torch.bfloat16 --> F32, shape = {10240}
INFO:hf-to-gguf:blk.3.hc_ffn_down.weight,         torch.bfloat16 --> F16, shape = {10240, 320}
INFO:hf-to-gguf:blk.3.hc_ffn_up.weight,           torch.bfloat16 --> F16, shape = {320, 10240}
INFO:hf-to-gguf:blk.3.indexer.q_proj.weight,      torch.bfloat16 --> BF16, shape = {2560, 512}
INFO:hf-to-gguf:blk.3.indexer.k_proj.weight,      torch.bfloat16 --> BF16, shape = {2560, 128}
INFO:hf-to-gguf:blk.3.indexer.k_norm.weight,      torch.bfloat16 --> F32, shape = {128}
INFO:hf-to-gguf:blk.3.indexer.q_norm.weight,      torch.bfloat16 --> F32, shape = {128}
INFO:hf-to-gguf:blk.3.attn_k_norm.weight,         torch.bfloat16 --> F32, shape = {256}
INFO:hf-to-gguf:blk.3.attn_k.weight,              torch.bfloat16 --> Q8_0, shape = {2560, 512}
INFO:hf-to-gguf:blk.3.attn_output.weight,         torch.bfloat16 --> Q8_0, shape = {6144, 2560}
INFO:hf-to-gguf:blk.3.attn_q_norm.weight,         torch.bfloat16 --> F32, shape = {256}
INFO:hf-to-gguf:blk.3.attn_q.weight,              torch.bfloat16 --> Q8_0, shape = {2560, 12288}
INFO:hf-to-gguf:blk.3.attn_v.weight,              torch.bfloat16 --> Q8_0, shape = {2560, 512}
INFO:hf-to-gguf:blk.30.hc_attn_inject.weight,     torch.bfloat16 --> F16, shape = {10240, 4}
INFO:hf-to-gguf:blk.30.hc_attn_norm.weight,       torch.bfloat16 --> F32, shape = {10240}
INFO:hf-to-gguf:blk.30.hc_attn_down.weight,       torch.bfloat16 --> F16, shape = {10240, 320}
INFO:hf-to-gguf:blk.30.hc_attn_up.weight,         torch.bfloat16 --> F16, shape = {320, 10240}
INFO:hf-to-gguf:blk.30.ssm_a,                     torch.bfloat16 --> F32, shape = {48}
INFO:hf-to-gguf:blk.30.ssm_conv1d.weight,         torch.bfloat16 --> F32, shape = {4, 10240}
INFO:hf-to-gguf:blk.30.ssm_dt.bias,               torch.bfloat16 --> F32, shape = {48}
INFO:hf-to-gguf:blk.30.ssm_alpha.weight,          torch.bfloat16 --> Q8_0, shape = {2560, 48}
INFO:hf-to-gguf:blk.30.ssm_beta.weight,           torch.bfloat16 --> Q8_0, shape = {2560, 48}
INFO:hf-to-gguf:blk.30.attn_qkv.weight,           torch.bfloat16 --> Q8_0, shape = {2560, 10240}
INFO:hf-to-gguf:blk.30.attn_gate.weight,          torch.bfloat16 --> Q8_0, shape = {2560, 6144}
INFO:hf-to-gguf:blk.30.ssm_norm.weight,           torch.bfloat16 --> F32, shape = {128}
INFO:hf-to-gguf:blk.30.ssm_out.weight,            torch.bfloat16 --> Q8_0, shape = {6144, 2560}
INFO:hf-to-gguf:blk.48.hc_ffn_norm.weight,        torch.bfloat16 --> F32, shape = {10240}
INFO:hf-to-gguf:blk.30.ffn_gate_exps.weight,      torch.bfloat16 --> Q4_K, shape = {2560, 640, 512}
INFO:hf-to-gguf:blk.30.ffn_up_exps.weight,        torch.bfloat16 --> Q4_K, shape = {2560, 640, 512}
INFO:hf-to-gguf:blk.30.ffn_down_exps.weight,      torch.bfloat16 --> Q8_0, shape = {640, 2560, 512}
INFO:hf-to-gguf:blk.30.ffn_gate_inp.weight,       torch.bfloat16 --> F32, shape = {2560, 512}
INFO:hf-to-gguf:blk.30.ffn_down_shexp.weight,     torch.bfloat16 --> Q8_0, shape = {640, 2560}
INFO:hf-to-gguf:blk.30.ffn_gate_shexp.weight,     torch.bfloat16 --> Q8_0, shape = {2560, 640}
INFO:hf-to-gguf:blk.30.ffn_up_shexp.weight,       torch.bfloat16 --> Q8_0, shape = {2560, 640}
INFO:hf-to-gguf:blk.30.ffn_gate_inp_shexp.weight, torch.bfloat16 --> F32, shape = {2560, 1}
INFO:hf-to-gguf:blk.30.hc_ffn_inject.weight,      torch.bfloat16 --> F16, shape = {10240, 4}
INFO:hf-to-gguf:blk.30.hc_ffn_norm.weight,        torch.bfloat16 --> F32, shape = {10240}
INFO:hf-to-gguf:blk.30.hc_ffn_down.weight,        torch.bfloat16 --> F16, shape = {10240, 320}
INFO:hf-to-gguf:blk.30.hc_ffn_up.weight,          torch.bfloat16 --> F16, shape = {320, 10240}
INFO:hf-to-gguf:blk.31.hc_attn_inject.weight,     torch.bfloat16 --> F16, shape = {10240, 4}
INFO:hf-to-gguf:blk.31.hc_attn_norm.weight,       torch.bfloat16 --> F32, shape = {10240}
INFO:hf-to-gguf:blk.31.hc_attn_down.weight,       torch.bfloat16 --> F16, shape = {10240, 320}
INFO:hf-to-gguf:blk.31.hc_attn_up.weight,         torch.bfloat16 --> F16, shape = {320, 10240}
INFO:hf-to-gguf:blk.31.ffn_gate_exps.weight,      torch.bfloat16 --> Q4_K, shape = {2560, 640, 512}
INFO:hf-to-gguf:blk.31.ffn_up_exps.weight,        torch.bfloat16 --> Q4_K, shape = {2560, 640, 512}
INFO:hf-to-gguf:blk.31.ffn_down_exps.weight,      torch.bfloat16 --> Q8_0, shape = {640, 2560, 512}
INFO:hf-to-gguf:blk.31.ffn_gate_inp.weight,       torch.bfloat16 --> F32, shape = {2560, 512}
INFO:hf-to-gguf:blk.31.ffn_down_shexp.weight,     torch.bfloat16 --> Q8_0, shape = {640, 2560}
INFO:hf-to-gguf:blk.31.ffn_gate_shexp.weight,     torch.bfloat16 --> Q8_0, shape = {2560, 640}
INFO:hf-to-gguf:blk.31.ffn_up_shexp.weight,       torch.bfloat16 --> Q8_0, shape = {2560, 640}
INFO:hf-to-gguf:blk.31.ffn_gate_inp_shexp.weight, torch.bfloat16 --> F32, shape = {2560, 1}
INFO:hf-to-gguf:blk.31.hc_ffn_inject.weight,      torch.bfloat16 --> F16, shape = {10240, 4}
INFO:hf-to-gguf:blk.31.hc_ffn_norm.weight,        torch.bfloat16 --> F32, shape = {10240}
INFO:hf-to-gguf:blk.31.hc_ffn_down.weight,        torch.bfloat16 --> F16, shape = {10240, 320}
INFO:hf-to-gguf:blk.31.hc_ffn_up.weight,          torch.bfloat16 --> F16, shape = {320, 10240}
INFO:hf-to-gguf:blk.31.indexer.q_proj.weight,     torch.bfloat16 --> BF16, shape = {2560, 512}
INFO:hf-to-gguf:blk.31.indexer.k_proj.weight,     torch.bfloat16 --> BF16, shape = {2560, 128}
INFO:hf-to-gguf:blk.31.indexer.k_norm.weight,     torch.bfloat16 --> F32, shape = {128}
INFO:hf-to-gguf:blk.31.indexer.q_norm.weight,     torch.bfloat16 --> F32, shape = {128}
INFO:hf-to-gguf:blk.31.attn_k_norm.weight,        torch.bfloat16 --> F32, shape = {256}
INFO:hf-to-gguf:blk.31.attn_k.weight,             torch.bfloat16 --> Q8_0, shape = {2560, 512}
INFO:hf-to-gguf:blk.31.attn_output.weight,        torch.bfloat16 --> Q8_0, shape = {6144, 2560}
INFO:hf-to-gguf:blk.31.attn_q_norm.weight,        torch.bfloat16 --> F32, shape = {256}
INFO:hf-to-gguf:blk.31.attn_q.weight,             torch.bfloat16 --> Q8_0, shape = {2560, 12288}
INFO:hf-to-gguf:blk.31.attn_v.weight,             torch.bfloat16 --> Q8_0, shape = {2560, 512}
INFO:hf-to-gguf:blk.32.hc_attn_inject.weight,     torch.bfloat16 --> F16, shape = {10240, 4}
INFO:hf-to-gguf:blk.32.hc_attn_norm.weight,       torch.bfloat16 --> F32, shape = {10240}
INFO:hf-to-gguf:blk.32.hc_attn_down.weight,       torch.bfloat16 --> F16, shape = {10240, 320}
INFO:hf-to-gguf:blk.32.hc_attn_up.weight,         torch.bfloat16 --> F16, shape = {320, 10240}
INFO:hf-to-gguf:blk.32.ssm_a,                     torch.bfloat16 --> F32, shape = {48}
INFO:hf-to-gguf:blk.32.ssm_conv1d.weight,         torch.bfloat16 --> F32, shape = {4, 10240}
INFO:hf-to-gguf:blk.32.ssm_dt.bias,               torch.bfloat16 --> F32, shape = {48}
INFO:hf-to-gguf:blk.32.ssm_alpha.weight,          torch.bfloat16 --> Q8_0, shape = {2560, 48}
INFO:hf-to-gguf:blk.32.ssm_beta.weight,           torch.bfloat16 --> Q8_0, shape = {2560, 48}
INFO:hf-to-gguf:blk.32.attn_qkv.weight,           torch.bfloat16 --> Q8_0, shape = {2560, 10240}
INFO:hf-to-gguf:blk.32.attn_gate.weight,          torch.bfloat16 --> Q8_0, shape = {2560, 6144}
INFO:hf-to-gguf:blk.32.ssm_norm.weight,           torch.bfloat16 --> F32, shape = {128}
INFO:hf-to-gguf:blk.32.ssm_out.weight,            torch.bfloat16 --> Q8_0, shape = {6144, 2560}
INFO:hf-to-gguf:blk.48.hc_ffn_down.weight,        torch.bfloat16 --> F16, shape = {10240, 320}
INFO:hf-to-gguf:blk.32.ffn_gate_exps.weight,      torch.bfloat16 --> Q4_K, shape = {2560, 640, 512}
INFO:hf-to-gguf:blk.32.ffn_up_exps.weight,        torch.bfloat16 --> Q4_K, shape = {2560, 640, 512}
INFO:hf-to-gguf:blk.32.ffn_down_exps.weight,      torch.bfloat16 --> Q8_0, shape = {640, 2560, 512}
INFO:hf-to-gguf:blk.32.ffn_gate_inp.weight,       torch.bfloat16 --> F32, shape = {2560, 512}
INFO:hf-to-gguf:blk.32.ffn_down_shexp.weight,     torch.bfloat16 --> Q8_0, shape = {640, 2560}
INFO:hf-to-gguf:blk.32.ffn_gate_shexp.weight,     torch.bfloat16 --> Q8_0, shape = {2560, 640}
INFO:hf-to-gguf:blk.32.ffn_up_shexp.weight,       torch.bfloat16 --> Q8_0, shape = {2560, 640}
INFO:hf-to-gguf:blk.32.ffn_gate_inp_shexp.weight, torch.bfloat16 --> F32, shape = {2560, 1}
INFO:hf-to-gguf:blk.32.hc_ffn_inject.weight,      torch.bfloat16 --> F16, shape = {10240, 4}
INFO:hf-to-gguf:blk.32.hc_ffn_norm.weight,        torch.bfloat16 --> F32, shape = {10240}
INFO:hf-to-gguf:blk.32.hc_ffn_down.weight,        torch.bfloat16 --> F16, shape = {10240, 320}
INFO:hf-to-gguf:blk.32.hc_ffn_up.weight,          torch.bfloat16 --> F16, shape = {320, 10240}
INFO:hf-to-gguf:blk.33.hc_attn_inject.weight,     torch.bfloat16 --> F16, shape = {10240, 4}
INFO:hf-to-gguf:blk.33.hc_attn_norm.weight,       torch.bfloat16 --> F32, shape = {10240}
INFO:hf-to-gguf:blk.33.hc_attn_down.weight,       torch.bfloat16 --> F16, shape = {10240, 320}
INFO:hf-to-gguf:blk.33.hc_attn_up.weight,         torch.bfloat16 --> F16, shape = {320, 10240}
INFO:hf-to-gguf:blk.33.ssm_a,                     torch.bfloat16 --> F32, shape = {48}
INFO:hf-to-gguf:blk.33.ssm_conv1d.weight,         torch.bfloat16 --> F32, shape = {4, 10240}
INFO:hf-to-gguf:blk.33.ssm_dt.bias,               torch.bfloat16 --> F32, shape = {48}
INFO:hf-to-gguf:blk.33.ssm_alpha.weight,          torch.bfloat16 --> Q8_0, shape = {2560, 48}
INFO:hf-to-gguf:blk.33.ssm_beta.weight,           torch.bfloat16 --> Q8_0, shape = {2560, 48}
INFO:hf-to-gguf:blk.33.attn_qkv.weight,           torch.bfloat16 --> Q8_0, shape = {2560, 10240}
INFO:hf-to-gguf:blk.33.attn_gate.weight,          torch.bfloat16 --> Q8_0, shape = {2560, 6144}
INFO:hf-to-gguf:blk.33.ssm_norm.weight,           torch.bfloat16 --> F32, shape = {128}
INFO:hf-to-gguf:blk.33.ssm_out.weight,            torch.bfloat16 --> Q8_0, shape = {6144, 2560}
INFO:hf-to-gguf:blk.48.hc_ffn_up.weight,          torch.bfloat16 --> F16, shape = {320, 10240}
INFO:hf-to-gguf:blk.33.ffn_gate_exps.weight,      torch.bfloat16 --> Q4_K, shape = {2560, 640, 512}
INFO:hf-to-gguf:blk.33.ffn_up_exps.weight,        torch.bfloat16 --> Q4_K, shape = {2560, 640, 512}
INFO:hf-to-gguf:blk.33.ffn_down_exps.weight,      torch.bfloat16 --> Q8_0, shape = {640, 2560, 512}
INFO:hf-to-gguf:blk.33.ffn_gate_inp.weight,       torch.bfloat16 --> F32, shape = {2560, 512}
INFO:hf-to-gguf:blk.33.ffn_down_shexp.weight,     torch.bfloat16 --> Q8_0, shape = {640, 2560}
INFO:hf-to-gguf:blk.33.ffn_gate_shexp.weight,     torch.bfloat16 --> Q8_0, shape = {2560, 640}
INFO:hf-to-gguf:blk.33.ffn_up_shexp.weight,       torch.bfloat16 --> Q8_0, shape = {2560, 640}
INFO:hf-to-gguf:blk.33.ffn_gate_inp_shexp.weight, torch.bfloat16 --> F32, shape = {2560, 1}
INFO:hf-to-gguf:blk.33.hc_ffn_inject.weight,      torch.bfloat16 --> F16, shape = {10240, 4}
INFO:hf-to-gguf:blk.33.hc_ffn_norm.weight,        torch.bfloat16 --> F32, shape = {10240}
INFO:hf-to-gguf:blk.33.hc_ffn_down.weight,        torch.bfloat16 --> F16, shape = {10240, 320}
INFO:hf-to-gguf:blk.33.hc_ffn_up.weight,          torch.bfloat16 --> F16, shape = {320, 10240}
INFO:hf-to-gguf:blk.34.hc_attn_inject.weight,     torch.bfloat16 --> F16, shape = {10240, 4}
INFO:hf-to-gguf:blk.34.hc_attn_norm.weight,       torch.bfloat16 --> F32, shape = {10240}
INFO:hf-to-gguf:blk.34.hc_attn_down.weight,       torch.bfloat16 --> F16, shape = {10240, 320}
INFO:hf-to-gguf:blk.34.hc_attn_up.weight,         torch.bfloat16 --> F16, shape = {320, 10240}
INFO:hf-to-gguf:blk.34.ssm_a,                     torch.bfloat16 --> F32, shape = {48}
INFO:hf-to-gguf:blk.34.ssm_conv1d.weight,         torch.bfloat16 --> F32, shape = {4, 10240}
INFO:hf-to-gguf:blk.34.ssm_dt.bias,               torch.bfloat16 --> F32, shape = {48}
INFO:hf-to-gguf:blk.34.ssm_alpha.weight,          torch.bfloat16 --> Q8_0, shape = {2560, 48}
INFO:hf-to-gguf:blk.34.ssm_beta.weight,           torch.bfloat16 --> Q8_0, shape = {2560, 48}
INFO:hf-to-gguf:blk.34.attn_qkv.weight,           torch.bfloat16 --> Q8_0, shape = {2560, 10240}
INFO:hf-to-gguf:blk.34.attn_gate.weight,          torch.bfloat16 --> Q8_0, shape = {2560, 6144}
INFO:hf-to-gguf:blk.34.ssm_norm.weight,           torch.bfloat16 --> F32, shape = {128}
INFO:hf-to-gguf:blk.34.ssm_out.weight,            torch.bfloat16 --> Q8_0, shape = {6144, 2560}
INFO:hf-to-gguf:blk.48.indexer.q_proj.weight,     torch.bfloat16 --> BF16, shape = {2560, 512}
INFO:hf-to-gguf:blk.48.indexer.k_proj.weight,     torch.bfloat16 --> BF16, shape = {2560, 128}
INFO:hf-to-gguf:blk.34.ffn_gate_exps.weight,      torch.bfloat16 --> Q4_K, shape = {2560, 640, 512}
INFO:hf-to-gguf:blk.34.ffn_up_exps.weight,        torch.bfloat16 --> Q4_K, shape = {2560, 640, 512}
INFO:hf-to-gguf:blk.34.ffn_down_exps.weight,      torch.bfloat16 --> Q8_0, shape = {640, 2560, 512}
INFO:hf-to-gguf:blk.34.ffn_gate_inp.weight,       torch.bfloat16 --> F32, shape = {2560, 512}
INFO:hf-to-gguf:blk.34.ffn_down_shexp.weight,     torch.bfloat16 --> Q8_0, shape = {640, 2560}
INFO:hf-to-gguf:blk.34.ffn_gate_shexp.weight,     torch.bfloat16 --> Q8_0, shape = {2560, 640}
INFO:hf-to-gguf:blk.34.ffn_up_shexp.weight,       torch.bfloat16 --> Q8_0, shape = {2560, 640}
INFO:hf-to-gguf:blk.34.ffn_gate_inp_shexp.weight, torch.bfloat16 --> F32, shape = {2560, 1}
INFO:hf-to-gguf:blk.34.hc_ffn_inject.weight,      torch.bfloat16 --> F16, shape = {10240, 4}
INFO:hf-to-gguf:blk.34.hc_ffn_norm.weight,        torch.bfloat16 --> F32, shape = {10240}
INFO:hf-to-gguf:blk.34.hc_ffn_down.weight,        torch.bfloat16 --> F16, shape = {10240, 320}
INFO:hf-to-gguf:blk.34.hc_ffn_up.weight,          torch.bfloat16 --> F16, shape = {320, 10240}
INFO:hf-to-gguf:blk.35.hc_attn_inject.weight,     torch.bfloat16 --> F16, shape = {10240, 4}
INFO:hf-to-gguf:blk.35.hc_attn_norm.weight,       torch.bfloat16 --> F32, shape = {10240}
INFO:hf-to-gguf:blk.35.hc_attn_down.weight,       torch.bfloat16 --> F16, shape = {10240, 320}
INFO:hf-to-gguf:blk.35.hc_attn_up.weight,         torch.bfloat16 --> F16, shape = {320, 10240}
INFO:hf-to-gguf:blk.35.ffn_gate_exps.weight,      torch.bfloat16 --> Q4_K, shape = {2560, 640, 512}
INFO:hf-to-gguf:blk.35.ffn_up_exps.weight,        torch.bfloat16 --> Q4_K, shape = {2560, 640, 512}
INFO:hf-to-gguf:blk.35.ffn_down_exps.weight,      torch.bfloat16 --> Q8_0, shape = {640, 2560, 512}
INFO:hf-to-gguf:blk.35.ffn_gate_inp.weight,       torch.bfloat16 --> F32, shape = {2560, 512}
INFO:hf-to-gguf:blk.35.ffn_down_shexp.weight,     torch.bfloat16 --> Q8_0, shape = {640, 2560}
INFO:hf-to-gguf:blk.35.ffn_gate_shexp.weight,     torch.bfloat16 --> Q8_0, shape = {2560, 640}
INFO:hf-to-gguf:blk.35.ffn_up_shexp.weight,       torch.bfloat16 --> Q8_0, shape = {2560, 640}
INFO:hf-to-gguf:blk.35.ffn_gate_inp_shexp.weight, torch.bfloat16 --> F32, shape = {2560, 1}
INFO:hf-to-gguf:blk.35.hc_ffn_inject.weight,      torch.bfloat16 --> F16, shape = {10240, 4}
INFO:hf-to-gguf:blk.35.hc_ffn_norm.weight,        torch.bfloat16 --> F32, shape = {10240}
INFO:hf-to-gguf:blk.35.hc_ffn_down.weight,        torch.bfloat16 --> F16, shape = {10240, 320}
INFO:hf-to-gguf:blk.35.hc_ffn_up.weight,          torch.bfloat16 --> F16, shape = {320, 10240}
INFO:hf-to-gguf:blk.35.indexer.q_proj.weight,     torch.bfloat16 --> BF16, shape = {2560, 512}
INFO:hf-to-gguf:blk.35.indexer.k_proj.weight,     torch.bfloat16 --> BF16, shape = {2560, 128}
INFO:hf-to-gguf:blk.35.indexer.k_norm.weight,     torch.bfloat16 --> F32, shape = {128}
INFO:hf-to-gguf:blk.35.indexer.q_norm.weight,     torch.bfloat16 --> F32, shape = {128}
INFO:hf-to-gguf:blk.35.attn_k_norm.weight,        torch.bfloat16 --> F32, shape = {256}
INFO:hf-to-gguf:blk.35.attn_k.weight,             torch.bfloat16 --> Q8_0, shape = {2560, 512}
INFO:hf-to-gguf:blk.35.attn_output.weight,        torch.bfloat16 --> Q8_0, shape = {6144, 2560}
INFO:hf-to-gguf:blk.35.attn_q_norm.weight,        torch.bfloat16 --> F32, shape = {256}
INFO:hf-to-gguf:blk.35.attn_q.weight,             torch.bfloat16 --> Q8_0, shape = {2560, 12288}
INFO:hf-to-gguf:blk.35.attn_v.weight,             torch.bfloat16 --> Q8_0, shape = {2560, 512}
INFO:hf-to-gguf:blk.36.hc_attn_inject.weight,     torch.bfloat16 --> F16, shape = {10240, 4}
INFO:hf-to-gguf:blk.36.hc_attn_norm.weight,       torch.bfloat16 --> F32, shape = {10240}
INFO:hf-to-gguf:blk.36.hc_attn_down.weight,       torch.bfloat16 --> F16, shape = {10240, 320}
INFO:hf-to-gguf:blk.36.hc_attn_up.weight,         torch.bfloat16 --> F16, shape = {320, 10240}
INFO:hf-to-gguf:blk.36.ssm_a,                     torch.bfloat16 --> F32, shape = {48}
INFO:hf-to-gguf:blk.36.ssm_conv1d.weight,         torch.bfloat16 --> F32, shape = {4, 10240}
INFO:hf-to-gguf:blk.36.ssm_dt.bias,               torch.bfloat16 --> F32, shape = {48}
INFO:hf-to-gguf:blk.36.ssm_alpha.weight,          torch.bfloat16 --> Q8_0, shape = {2560, 48}
INFO:hf-to-gguf:blk.36.ssm_beta.weight,           torch.bfloat16 --> Q8_0, shape = {2560, 48}
INFO:hf-to-gguf:blk.36.attn_qkv.weight,           torch.bfloat16 --> Q8_0, shape = {2560, 10240}
INFO:hf-to-gguf:blk.36.attn_gate.weight,          torch.bfloat16 --> Q8_0, shape = {2560, 6144}
INFO:hf-to-gguf:blk.36.ssm_norm.weight,           torch.bfloat16 --> F32, shape = {128}
INFO:hf-to-gguf:blk.36.ssm_out.weight,            torch.bfloat16 --> Q8_0, shape = {6144, 2560}
INFO:hf-to-gguf:blk.48.indexer.k_norm.weight,     torch.bfloat16 --> F32, shape = {128}
INFO:hf-to-gguf:blk.36.ffn_gate_exps.weight,      torch.bfloat16 --> Q4_K, shape = {2560, 640, 512}
INFO:hf-to-gguf:blk.36.ffn_up_exps.weight,        torch.bfloat16 --> Q4_K, shape = {2560, 640, 512}
INFO:hf-to-gguf:blk.36.ffn_down_exps.weight,      torch.bfloat16 --> Q8_0, shape = {640, 2560, 512}
INFO:hf-to-gguf:blk.36.ffn_gate_inp.weight,       torch.bfloat16 --> F32, shape = {2560, 512}
INFO:hf-to-gguf:blk.36.ffn_down_shexp.weight,     torch.bfloat16 --> Q8_0, shape = {640, 2560}
INFO:hf-to-gguf:blk.36.ffn_gate_shexp.weight,     torch.bfloat16 --> Q8_0, shape = {2560, 640}
INFO:hf-to-gguf:blk.36.ffn_up_shexp.weight,       torch.bfloat16 --> Q8_0, shape = {2560, 640}
INFO:hf-to-gguf:blk.36.ffn_gate_inp_shexp.weight, torch.bfloat16 --> F32, shape = {2560, 1}
INFO:hf-to-gguf:blk.36.hc_ffn_inject.weight,      torch.bfloat16 --> F16, shape = {10240, 4}
INFO:hf-to-gguf:blk.36.hc_ffn_norm.weight,        torch.bfloat16 --> F32, shape = {10240}
INFO:hf-to-gguf:blk.36.hc_ffn_down.weight,        torch.bfloat16 --> F16, shape = {10240, 320}
INFO:hf-to-gguf:blk.36.hc_ffn_up.weight,          torch.bfloat16 --> F16, shape = {320, 10240}
INFO:hf-to-gguf:blk.37.hc_attn_inject.weight,     torch.bfloat16 --> F16, shape = {10240, 4}
INFO:hf-to-gguf:blk.37.hc_attn_norm.weight,       torch.bfloat16 --> F32, shape = {10240}
INFO:hf-to-gguf:blk.37.hc_attn_down.weight,       torch.bfloat16 --> F16, shape = {10240, 320}
INFO:hf-to-gguf:blk.37.hc_attn_up.weight,         torch.bfloat16 --> F16, shape = {320, 10240}
INFO:hf-to-gguf:blk.37.ssm_a,                     torch.bfloat16 --> F32, shape = {48}
INFO:hf-to-gguf:blk.37.ssm_conv1d.weight,         torch.bfloat16 --> F32, shape = {4, 10240}
INFO:hf-to-gguf:blk.37.ssm_dt.bias,               torch.bfloat16 --> F32, shape = {48}
INFO:hf-to-gguf:blk.37.ssm_alpha.weight,          torch.bfloat16 --> Q8_0, shape = {2560, 48}
INFO:hf-to-gguf:blk.37.ssm_beta.weight,           torch.bfloat16 --> Q8_0, shape = {2560, 48}
INFO:hf-to-gguf:blk.37.attn_qkv.weight,           torch.bfloat16 --> Q8_0, shape = {2560, 10240}
INFO:hf-to-gguf:blk.37.attn_gate.weight,          torch.bfloat16 --> Q8_0, shape = {2560, 6144}
INFO:hf-to-gguf:blk.37.ssm_norm.weight,           torch.bfloat16 --> F32, shape = {128}
INFO:hf-to-gguf:blk.37.ssm_out.weight,            torch.bfloat16 --> Q8_0, shape = {6144, 2560}
INFO:hf-to-gguf:blk.37.ffn_gate_exps.weight,      torch.bfloat16 --> Q4_K, shape = {2560, 640, 512}
INFO:hf-to-gguf:blk.37.ffn_up_exps.weight,        torch.bfloat16 --> Q4_K, shape = {2560, 640, 512}
INFO:hf-to-gguf:blk.37.ffn_down_exps.weight,      torch.bfloat16 --> Q8_0, shape = {640, 2560, 512}
INFO:hf-to-gguf:blk.37.ffn_gate_inp.weight,       torch.bfloat16 --> F32, shape = {2560, 512}
INFO:hf-to-gguf:blk.37.ffn_down_shexp.weight,     torch.bfloat16 --> Q8_0, shape = {640, 2560}
INFO:hf-to-gguf:blk.37.ffn_gate_shexp.weight,     torch.bfloat16 --> Q8_0, shape = {2560, 640}
INFO:hf-to-gguf:blk.37.ffn_up_shexp.weight,       torch.bfloat16 --> Q8_0, shape = {2560, 640}
INFO:hf-to-gguf:blk.37.ffn_gate_inp_shexp.weight, torch.bfloat16 --> F32, shape = {2560, 1}
INFO:hf-to-gguf:blk.37.hc_ffn_inject.weight,      torch.bfloat16 --> F16, shape = {10240, 4}
INFO:hf-to-gguf:blk.37.hc_ffn_norm.weight,        torch.bfloat16 --> F32, shape = {10240}
INFO:hf-to-gguf:blk.37.hc_ffn_down.weight,        torch.bfloat16 --> F16, shape = {10240, 320}
INFO:hf-to-gguf:blk.37.hc_ffn_up.weight,          torch.bfloat16 --> F16, shape = {320, 10240}
INFO:hf-to-gguf:blk.38.hc_attn_inject.weight,     torch.bfloat16 --> F16, shape = {10240, 4}
INFO:hf-to-gguf:blk.38.hc_attn_norm.weight,       torch.bfloat16 --> F32, shape = {10240}
INFO:hf-to-gguf:blk.38.hc_attn_down.weight,       torch.bfloat16 --> F16, shape = {10240, 320}
INFO:hf-to-gguf:blk.38.hc_attn_up.weight,         torch.bfloat16 --> F16, shape = {320, 10240}
INFO:hf-to-gguf:blk.38.ssm_a,                     torch.bfloat16 --> F32, shape = {48}
INFO:hf-to-gguf:blk.38.ssm_conv1d.weight,         torch.bfloat16 --> F32, shape = {4, 10240}
INFO:hf-to-gguf:blk.38.ssm_dt.bias,               torch.bfloat16 --> F32, shape = {48}
INFO:hf-to-gguf:blk.38.ssm_alpha.weight,          torch.bfloat16 --> Q8_0, shape = {2560, 48}
INFO:hf-to-gguf:blk.38.ssm_beta.weight,           torch.bfloat16 --> Q8_0, shape = {2560, 48}
INFO:hf-to-gguf:blk.38.attn_qkv.weight,           torch.bfloat16 --> Q8_0, shape = {2560, 10240}
INFO:hf-to-gguf:blk.38.attn_gate.weight,          torch.bfloat16 --> Q8_0, shape = {2560, 6144}
INFO:hf-to-gguf:blk.38.ssm_norm.weight,           torch.bfloat16 --> F32, shape = {128}
INFO:hf-to-gguf:blk.38.ssm_out.weight,            torch.bfloat16 --> Q8_0, shape = {6144, 2560}
INFO:hf-to-gguf:blk.38.ffn_gate_exps.weight,      torch.bfloat16 --> Q4_K, shape = {2560, 640, 512}
INFO:hf-to-gguf:blk.38.ffn_up_exps.weight,        torch.bfloat16 --> Q4_K, shape = {2560, 640, 512}
INFO:hf-to-gguf:blk.38.ffn_down_exps.weight,      torch.bfloat16 --> Q8_0, shape = {640, 2560, 512}
INFO:hf-to-gguf:blk.38.ffn_gate_inp.weight,       torch.bfloat16 --> F32, shape = {2560, 512}
INFO:hf-to-gguf:blk.38.ffn_down_shexp.weight,     torch.bfloat16 --> Q8_0, shape = {640, 2560}
INFO:hf-to-gguf:blk.38.ffn_gate_shexp.weight,     torch.bfloat16 --> Q8_0, shape = {2560, 640}
INFO:hf-to-gguf:blk.38.ffn_up_shexp.weight,       torch.bfloat16 --> Q8_0, shape = {2560, 640}
INFO:hf-to-gguf:blk.38.ffn_gate_inp_shexp.weight, torch.bfloat16 --> F32, shape = {2560, 1}
INFO:hf-to-gguf:blk.38.hc_ffn_inject.weight,      torch.bfloat16 --> F16, shape = {10240, 4}
INFO:hf-to-gguf:blk.38.hc_ffn_norm.weight,        torch.bfloat16 --> F32, shape = {10240}
INFO:hf-to-gguf:blk.38.hc_ffn_down.weight,        torch.bfloat16 --> F16, shape = {10240, 320}
INFO:hf-to-gguf:blk.38.hc_ffn_up.weight,          torch.bfloat16 --> F16, shape = {320, 10240}
INFO:hf-to-gguf:blk.39.hc_attn_inject.weight,     torch.bfloat16 --> F16, shape = {10240, 4}
INFO:hf-to-gguf:blk.39.hc_attn_norm.weight,       torch.bfloat16 --> F32, shape = {10240}
INFO:hf-to-gguf:blk.39.hc_attn_down.weight,       torch.bfloat16 --> F16, shape = {10240, 320}
INFO:hf-to-gguf:blk.39.hc_attn_up.weight,         torch.bfloat16 --> F16, shape = {320, 10240}
INFO:hf-to-gguf:blk.48.indexer.q_norm.weight,     torch.bfloat16 --> F32, shape = {128}
INFO:hf-to-gguf:blk.39.ffn_gate_exps.weight,      torch.bfloat16 --> Q4_K, shape = {2560, 640, 512}
INFO:hf-to-gguf:blk.39.ffn_up_exps.weight,        torch.bfloat16 --> Q4_K, shape = {2560, 640, 512}
INFO:hf-to-gguf:blk.39.ffn_down_exps.weight,      torch.bfloat16 --> Q8_0, shape = {640, 2560, 512}
INFO:hf-to-gguf:blk.39.ffn_gate_inp.weight,       torch.bfloat16 --> F32, shape = {2560, 512}
INFO:hf-to-gguf:blk.39.ffn_down_shexp.weight,     torch.bfloat16 --> Q8_0, shape = {640, 2560}
INFO:hf-to-gguf:blk.39.ffn_gate_shexp.weight,     torch.bfloat16 --> Q8_0, shape = {2560, 640}
INFO:hf-to-gguf:blk.39.ffn_up_shexp.weight,       torch.bfloat16 --> Q8_0, shape = {2560, 640}
INFO:hf-to-gguf:blk.39.ffn_gate_inp_shexp.weight, torch.bfloat16 --> F32, shape = {2560, 1}
INFO:hf-to-gguf:blk.39.hc_ffn_inject.weight,      torch.bfloat16 --> F16, shape = {10240, 4}
INFO:hf-to-gguf:blk.39.hc_ffn_norm.weight,        torch.bfloat16 --> F32, shape = {10240}
INFO:hf-to-gguf:blk.39.hc_ffn_down.weight,        torch.bfloat16 --> F16, shape = {10240, 320}
INFO:hf-to-gguf:blk.39.hc_ffn_up.weight,          torch.bfloat16 --> F16, shape = {320, 10240}
INFO:hf-to-gguf:blk.39.indexer.q_proj.weight,     torch.bfloat16 --> BF16, shape = {2560, 512}
INFO:hf-to-gguf:blk.39.indexer.k_proj.weight,     torch.bfloat16 --> BF16, shape = {2560, 128}
INFO:hf-to-gguf:blk.39.indexer.k_norm.weight,     torch.bfloat16 --> F32, shape = {128}
INFO:hf-to-gguf:blk.39.indexer.q_norm.weight,     torch.bfloat16 --> F32, shape = {128}
INFO:hf-to-gguf:blk.39.attn_k_norm.weight,        torch.bfloat16 --> F32, shape = {256}
INFO:hf-to-gguf:blk.39.attn_k.weight,             torch.bfloat16 --> Q8_0, shape = {2560, 512}
INFO:hf-to-gguf:blk.39.attn_output.weight,        torch.bfloat16 --> Q8_0, shape = {6144, 2560}
INFO:hf-to-gguf:blk.39.attn_q_norm.weight,        torch.bfloat16 --> F32, shape = {256}
INFO:hf-to-gguf:blk.39.attn_q.weight,             torch.bfloat16 --> Q8_0, shape = {2560, 12288}
INFO:hf-to-gguf:blk.39.attn_v.weight,             torch.bfloat16 --> Q8_0, shape = {2560, 512}
INFO:hf-to-gguf:blk.4.hc_attn_inject.weight,      torch.bfloat16 --> F16, shape = {10240, 4}
INFO:hf-to-gguf:blk.4.hc_attn_norm.weight,        torch.bfloat16 --> F32, shape = {10240}
INFO:hf-to-gguf:blk.4.hc_attn_down.weight,        torch.bfloat16 --> F16, shape = {10240, 320}
INFO:hf-to-gguf:blk.4.hc_attn_up.weight,          torch.bfloat16 --> F16, shape = {320, 10240}
INFO:hf-to-gguf:blk.4.ssm_a,                      torch.bfloat16 --> F32, shape = {48}
INFO:hf-to-gguf:blk.4.ssm_conv1d.weight,          torch.bfloat16 --> F32, shape = {4, 10240}
INFO:hf-to-gguf:blk.4.ssm_dt.bias,                torch.bfloat16 --> F32, shape = {48}
INFO:hf-to-gguf:blk.4.ssm_alpha.weight,           torch.bfloat16 --> Q8_0, shape = {2560, 48}
INFO:hf-to-gguf:blk.4.ssm_beta.weight,            torch.bfloat16 --> Q8_0, shape = {2560, 48}
INFO:hf-to-gguf:blk.4.attn_qkv.weight,            torch.bfloat16 --> Q8_0, shape = {2560, 10240}
INFO:hf-to-gguf:blk.4.attn_gate.weight,           torch.bfloat16 --> Q8_0, shape = {2560, 6144}
INFO:hf-to-gguf:blk.4.ssm_norm.weight,            torch.bfloat16 --> F32, shape = {128}
INFO:hf-to-gguf:blk.4.ssm_out.weight,             torch.bfloat16 --> Q8_0, shape = {6144, 2560}
INFO:hf-to-gguf:blk.48.attn_k_norm.weight,        torch.bfloat16 --> F32, shape = {256}
INFO:hf-to-gguf:blk.4.ffn_gate_exps.weight,       torch.bfloat16 --> Q4_K, shape = {2560, 640, 512}
INFO:hf-to-gguf:blk.4.ffn_up_exps.weight,         torch.bfloat16 --> Q4_K, shape = {2560, 640, 512}
INFO:hf-to-gguf:blk.4.ffn_down_exps.weight,       torch.bfloat16 --> Q8_0, shape = {640, 2560, 512}
INFO:hf-to-gguf:blk.4.ffn_gate_inp.weight,        torch.bfloat16 --> F32, shape = {2560, 512}
INFO:hf-to-gguf:blk.4.ffn_down_shexp.weight,      torch.bfloat16 --> Q8_0, shape = {640, 2560}
INFO:hf-to-gguf:blk.4.ffn_gate_shexp.weight,      torch.bfloat16 --> Q8_0, shape = {2560, 640}
INFO:hf-to-gguf:blk.4.ffn_up_shexp.weight,        torch.bfloat16 --> Q8_0, shape = {2560, 640}
INFO:hf-to-gguf:blk.4.ffn_gate_inp_shexp.weight,  torch.bfloat16 --> F32, shape = {2560, 1}
INFO:hf-to-gguf:blk.4.hc_ffn_inject.weight,       torch.bfloat16 --> F16, shape = {10240, 4}
INFO:hf-to-gguf:blk.4.hc_ffn_norm.weight,         torch.bfloat16 --> F32, shape = {10240}
INFO:hf-to-gguf:blk.4.hc_ffn_down.weight,         torch.bfloat16 --> F16, shape = {10240, 320}
INFO:hf-to-gguf:blk.4.hc_ffn_up.weight,           torch.bfloat16 --> F16, shape = {320, 10240}
INFO:hf-to-gguf:blk.40.hc_attn_inject.weight,     torch.bfloat16 --> F16, shape = {10240, 4}
INFO:hf-to-gguf:blk.40.hc_attn_norm.weight,       torch.bfloat16 --> F32, shape = {10240}
INFO:hf-to-gguf:blk.40.hc_attn_down.weight,       torch.bfloat16 --> F16, shape = {10240, 320}
INFO:hf-to-gguf:blk.40.hc_attn_up.weight,         torch.bfloat16 --> F16, shape = {320, 10240}
INFO:hf-to-gguf:blk.40.ssm_a,                     torch.bfloat16 --> F32, shape = {48}
INFO:hf-to-gguf:blk.40.ssm_conv1d.weight,         torch.bfloat16 --> F32, shape = {4, 10240}
INFO:hf-to-gguf:blk.40.ssm_dt.bias,               torch.bfloat16 --> F32, shape = {48}
INFO:hf-to-gguf:blk.40.ssm_alpha.weight,          torch.bfloat16 --> Q8_0, shape = {2560, 48}
INFO:hf-to-gguf:blk.40.ssm_beta.weight,           torch.bfloat16 --> Q8_0, shape = {2560, 48}
INFO:hf-to-gguf:blk.40.attn_qkv.weight,           torch.bfloat16 --> Q8_0, shape = {2560, 10240}
INFO:hf-to-gguf:blk.40.attn_gate.weight,          torch.bfloat16 --> Q8_0, shape = {2560, 6144}
INFO:hf-to-gguf:blk.40.ssm_norm.weight,           torch.bfloat16 --> F32, shape = {128}
INFO:hf-to-gguf:blk.40.ssm_out.weight,            torch.bfloat16 --> Q8_0, shape = {6144, 2560}
INFO:hf-to-gguf:blk.40.ffn_gate_exps.weight,      torch.bfloat16 --> Q4_K, shape = {2560, 640, 512}
INFO:hf-to-gguf:blk.40.ffn_up_exps.weight,        torch.bfloat16 --> Q4_K, shape = {2560, 640, 512}
INFO:hf-to-gguf:blk.40.ffn_down_exps.weight,      torch.bfloat16 --> Q8_0, shape = {640, 2560, 512}
INFO:hf-to-gguf:blk.40.ffn_gate_inp.weight,       torch.bfloat16 --> F32, shape = {2560, 512}
INFO:hf-to-gguf:blk.40.ffn_down_shexp.weight,     torch.bfloat16 --> Q8_0, shape = {640, 2560}
INFO:hf-to-gguf:blk.40.ffn_gate_shexp.weight,     torch.bfloat16 --> Q8_0, shape = {2560, 640}
INFO:hf-to-gguf:blk.40.ffn_up_shexp.weight,       torch.bfloat16 --> Q8_0, shape = {2560, 640}
INFO:hf-to-gguf:blk.40.ffn_gate_inp_shexp.weight, torch.bfloat16 --> F32, shape = {2560, 1}
INFO:hf-to-gguf:blk.40.hc_ffn_inject.weight,      torch.bfloat16 --> F16, shape = {10240, 4}
INFO:hf-to-gguf:blk.40.hc_ffn_norm.weight,        torch.bfloat16 --> F32, shape = {10240}
INFO:hf-to-gguf:blk.40.hc_ffn_down.weight,        torch.bfloat16 --> F16, shape = {10240, 320}
INFO:hf-to-gguf:blk.40.hc_ffn_up.weight,          torch.bfloat16 --> F16, shape = {320, 10240}
INFO:hf-to-gguf:blk.41.hc_attn_inject.weight,     torch.bfloat16 --> F16, shape = {10240, 4}
INFO:hf-to-gguf:blk.41.hc_attn_norm.weight,       torch.bfloat16 --> F32, shape = {10240}
INFO:hf-to-gguf:blk.41.hc_attn_down.weight,       torch.bfloat16 --> F16, shape = {10240, 320}
INFO:hf-to-gguf:blk.41.hc_attn_up.weight,         torch.bfloat16 --> F16, shape = {320, 10240}
INFO:hf-to-gguf:blk.41.ssm_a,                     torch.bfloat16 --> F32, shape = {48}
INFO:hf-to-gguf:blk.41.ssm_conv1d.weight,         torch.bfloat16 --> F32, shape = {4, 10240}
INFO:hf-to-gguf:blk.41.ssm_dt.bias,               torch.bfloat16 --> F32, shape = {48}
INFO:hf-to-gguf:blk.41.ssm_alpha.weight,          torch.bfloat16 --> Q8_0, shape = {2560, 48}
INFO:hf-to-gguf:blk.41.ssm_beta.weight,           torch.bfloat16 --> Q8_0, shape = {2560, 48}
INFO:hf-to-gguf:blk.41.attn_qkv.weight,           torch.bfloat16 --> Q8_0, shape = {2560, 10240}
INFO:hf-to-gguf:blk.41.attn_gate.weight,          torch.bfloat16 --> Q8_0, shape = {2560, 6144}
INFO:hf-to-gguf:blk.41.ssm_norm.weight,           torch.bfloat16 --> F32, shape = {128}
INFO:hf-to-gguf:blk.41.ssm_out.weight,            torch.bfloat16 --> Q8_0, shape = {6144, 2560}
INFO:hf-to-gguf:blk.48.attn_output.weight,        torch.bfloat16 --> Q8_0, shape = {6144, 2560}
INFO:hf-to-gguf:blk.41.ffn_gate_exps.weight,      torch.bfloat16 --> Q4_K, shape = {2560, 640, 512}
INFO:hf-to-gguf:blk.41.ffn_up_exps.weight,        torch.bfloat16 --> Q4_K, shape = {2560, 640, 512}
INFO:hf-to-gguf:blk.41.ffn_down_exps.weight,      torch.bfloat16 --> Q8_0, shape = {640, 2560, 512}
INFO:hf-to-gguf:blk.41.ffn_gate_inp.weight,       torch.bfloat16 --> F32, shape = {2560, 512}
INFO:hf-to-gguf:blk.41.ffn_down_shexp.weight,     torch.bfloat16 --> Q8_0, shape = {640, 2560}
INFO:hf-to-gguf:blk.41.ffn_gate_shexp.weight,     torch.bfloat16 --> Q8_0, shape = {2560, 640}
INFO:hf-to-gguf:blk.41.ffn_up_shexp.weight,       torch.bfloat16 --> Q8_0, shape = {2560, 640}
INFO:hf-to-gguf:blk.41.ffn_gate_inp_shexp.weight, torch.bfloat16 --> F32, shape = {2560, 1}
INFO:hf-to-gguf:blk.41.hc_ffn_inject.weight,      torch.bfloat16 --> F16, shape = {10240, 4}
INFO:hf-to-gguf:blk.41.hc_ffn_norm.weight,        torch.bfloat16 --> F32, shape = {10240}
INFO:hf-to-gguf:blk.41.hc_ffn_down.weight,        torch.bfloat16 --> F16, shape = {10240, 320}
INFO:hf-to-gguf:blk.41.hc_ffn_up.weight,          torch.bfloat16 --> F16, shape = {320, 10240}
INFO:hf-to-gguf:blk.42.hc_attn_inject.weight,     torch.bfloat16 --> F16, shape = {10240, 4}
INFO:hf-to-gguf:blk.42.hc_attn_norm.weight,       torch.bfloat16 --> F32, shape = {10240}
INFO:hf-to-gguf:blk.42.hc_attn_down.weight,       torch.bfloat16 --> F16, shape = {10240, 320}
INFO:hf-to-gguf:blk.42.hc_attn_up.weight,         torch.bfloat16 --> F16, shape = {320, 10240}
INFO:hf-to-gguf:blk.42.ssm_a,                     torch.bfloat16 --> F32, shape = {48}
INFO:hf-to-gguf:blk.42.ssm_conv1d.weight,         torch.bfloat16 --> F32, shape = {4, 10240}
INFO:hf-to-gguf:blk.42.ssm_dt.bias,               torch.bfloat16 --> F32, shape = {48}
INFO:hf-to-gguf:blk.42.ssm_alpha.weight,          torch.bfloat16 --> Q8_0, shape = {2560, 48}
INFO:hf-to-gguf:blk.42.ssm_beta.weight,           torch.bfloat16 --> Q8_0, shape = {2560, 48}
INFO:hf-to-gguf:blk.42.attn_qkv.weight,           torch.bfloat16 --> Q8_0, shape = {2560, 10240}
INFO:hf-to-gguf:blk.42.attn_gate.weight,          torch.bfloat16 --> Q8_0, shape = {2560, 6144}
INFO:hf-to-gguf:blk.42.ssm_norm.weight,           torch.bfloat16 --> F32, shape = {128}
INFO:hf-to-gguf:blk.42.ssm_out.weight,            torch.bfloat16 --> Q8_0, shape = {6144, 2560}
INFO:hf-to-gguf:blk.48.attn_k.weight,             torch.bfloat16 --> Q8_0, shape = {2560, 512}
INFO:hf-to-gguf:blk.48.attn_q.weight,             torch.bfloat16 --> Q8_0, shape = {2560, 12288}
INFO:hf-to-gguf:blk.48.attn_v.weight,             torch.bfloat16 --> Q8_0, shape = {2560, 512}
INFO:hf-to-gguf:blk.42.ffn_gate_exps.weight,      torch.bfloat16 --> Q4_K, shape = {2560, 640, 512}
INFO:hf-to-gguf:blk.42.ffn_up_exps.weight,        torch.bfloat16 --> Q4_K, shape = {2560, 640, 512}
INFO:hf-to-gguf:blk.42.ffn_down_exps.weight,      torch.bfloat16 --> Q8_0, shape = {640, 2560, 512}
INFO:hf-to-gguf:blk.42.ffn_gate_inp.weight,       torch.bfloat16 --> F32, shape = {2560, 512}
INFO:hf-to-gguf:blk.42.ffn_down_shexp.weight,     torch.bfloat16 --> Q8_0, shape = {640, 2560}
INFO:hf-to-gguf:blk.42.ffn_gate_shexp.weight,     torch.bfloat16 --> Q8_0, shape = {2560, 640}
INFO:hf-to-gguf:blk.42.ffn_up_shexp.weight,       torch.bfloat16 --> Q8_0, shape = {2560, 640}
INFO:hf-to-gguf:blk.42.ffn_gate_inp_shexp.weight, torch.bfloat16 --> F32, shape = {2560, 1}
INFO:hf-to-gguf:blk.42.hc_ffn_inject.weight,      torch.bfloat16 --> F16, shape = {10240, 4}
INFO:hf-to-gguf:blk.42.hc_ffn_norm.weight,        torch.bfloat16 --> F32, shape = {10240}
INFO:hf-to-gguf:blk.42.hc_ffn_down.weight,        torch.bfloat16 --> F16, shape = {10240, 320}
INFO:hf-to-gguf:blk.42.hc_ffn_up.weight,          torch.bfloat16 --> F16, shape = {320, 10240}
INFO:hf-to-gguf:blk.43.hc_attn_inject.weight,     torch.bfloat16 --> F16, shape = {10240, 4}
INFO:hf-to-gguf:blk.43.hc_attn_norm.weight,       torch.bfloat16 --> F32, shape = {10240}
INFO:hf-to-gguf:blk.43.hc_attn_down.weight,       torch.bfloat16 --> F16, shape = {10240, 320}
INFO:hf-to-gguf:blk.43.hc_attn_up.weight,         torch.bfloat16 --> F16, shape = {320, 10240}
INFO:hf-to-gguf:blk.43.ffn_gate_exps.weight,      torch.bfloat16 --> Q4_K, shape = {2560, 640, 512}
INFO:hf-to-gguf:blk.43.ffn_up_exps.weight,        torch.bfloat16 --> Q4_K, shape = {2560, 640, 512}
INFO:hf-to-gguf:blk.43.ffn_down_exps.weight,      torch.bfloat16 --> Q8_0, shape = {640, 2560, 512}
INFO:hf-to-gguf:blk.43.ffn_gate_inp.weight,       torch.bfloat16 --> F32, shape = {2560, 512}
INFO:hf-to-gguf:blk.43.ffn_down_shexp.weight,     torch.bfloat16 --> Q8_0, shape = {640, 2560}
INFO:hf-to-gguf:blk.43.ffn_gate_shexp.weight,     torch.bfloat16 --> Q8_0, shape = {2560, 640}
INFO:hf-to-gguf:blk.43.ffn_up_shexp.weight,       torch.bfloat16 --> Q8_0, shape = {2560, 640}
INFO:hf-to-gguf:blk.43.ffn_gate_inp_shexp.weight, torch.bfloat16 --> F32, shape = {2560, 1}
INFO:hf-to-gguf:blk.43.hc_ffn_inject.weight,      torch.bfloat16 --> F16, shape = {10240, 4}
INFO:hf-to-gguf:blk.43.hc_ffn_norm.weight,        torch.bfloat16 --> F32, shape = {10240}
INFO:hf-to-gguf:blk.43.hc_ffn_down.weight,        torch.bfloat16 --> F16, shape = {10240, 320}
INFO:hf-to-gguf:blk.43.hc_ffn_up.weight,          torch.bfloat16 --> F16, shape = {320, 10240}
INFO:hf-to-gguf:blk.43.indexer.q_proj.weight,     torch.bfloat16 --> BF16, shape = {2560, 512}
INFO:hf-to-gguf:blk.43.indexer.k_proj.weight,     torch.bfloat16 --> BF16, shape = {2560, 128}
INFO:hf-to-gguf:blk.43.indexer.k_norm.weight,     torch.bfloat16 --> F32, shape = {128}
INFO:hf-to-gguf:blk.43.indexer.q_norm.weight,     torch.bfloat16 --> F32, shape = {128}
INFO:hf-to-gguf:blk.43.attn_k_norm.weight,        torch.bfloat16 --> F32, shape = {256}
INFO:hf-to-gguf:blk.43.attn_k.weight,             torch.bfloat16 --> Q8_0, shape = {2560, 512}
INFO:hf-to-gguf:blk.43.attn_output.weight,        torch.bfloat16 --> Q8_0, shape = {6144, 2560}
INFO:hf-to-gguf:blk.43.attn_q_norm.weight,        torch.bfloat16 --> F32, shape = {256}
INFO:hf-to-gguf:blk.43.attn_q.weight,             torch.bfloat16 --> Q8_0, shape = {2560, 12288}
INFO:hf-to-gguf:blk.43.attn_v.weight,             torch.bfloat16 --> Q8_0, shape = {2560, 512}
INFO:hf-to-gguf:blk.44.hc_attn_inject.weight,     torch.bfloat16 --> F16, shape = {10240, 4}
INFO:hf-to-gguf:blk.44.hc_attn_norm.weight,       torch.bfloat16 --> F32, shape = {10240}
INFO:hf-to-gguf:blk.44.hc_attn_down.weight,       torch.bfloat16 --> F16, shape = {10240, 320}
INFO:hf-to-gguf:blk.44.hc_attn_up.weight,         torch.bfloat16 --> F16, shape = {320, 10240}
INFO:hf-to-gguf:blk.44.ssm_a,                     torch.bfloat16 --> F32, shape = {48}
INFO:hf-to-gguf:blk.44.ssm_conv1d.weight,         torch.bfloat16 --> F32, shape = {4, 10240}
INFO:hf-to-gguf:blk.44.ssm_dt.bias,               torch.bfloat16 --> F32, shape = {48}
INFO:hf-to-gguf:blk.44.ssm_alpha.weight,          torch.bfloat16 --> Q8_0, shape = {2560, 48}
INFO:hf-to-gguf:blk.44.ssm_beta.weight,           torch.bfloat16 --> Q8_0, shape = {2560, 48}
INFO:hf-to-gguf:blk.44.attn_qkv.weight,           torch.bfloat16 --> Q8_0, shape = {2560, 10240}
INFO:hf-to-gguf:blk.44.attn_gate.weight,          torch.bfloat16 --> Q8_0, shape = {2560, 6144}
INFO:hf-to-gguf:blk.44.ssm_norm.weight,           torch.bfloat16 --> F32, shape = {128}
INFO:hf-to-gguf:blk.44.ssm_out.weight,            torch.bfloat16 --> Q8_0, shape = {6144, 2560}
INFO:hf-to-gguf:blk.48.attn_q_norm.weight,        torch.bfloat16 --> F32, shape = {256}
INFO:hf-to-gguf:blk.44.ffn_gate_exps.weight,      torch.bfloat16 --> Q4_K, shape = {2560, 640, 512}
INFO:hf-to-gguf:blk.44.ffn_up_exps.weight,        torch.bfloat16 --> Q4_K, shape = {2560, 640, 512}
INFO:hf-to-gguf:blk.44.ffn_down_exps.weight,      torch.bfloat16 --> Q8_0, shape = {640, 2560, 512}
INFO:hf-to-gguf:blk.44.ffn_gate_inp.weight,       torch.bfloat16 --> F32, shape = {2560, 512}
INFO:hf-to-gguf:blk.44.ffn_down_shexp.weight,     torch.bfloat16 --> Q8_0, shape = {640, 2560}
INFO:hf-to-gguf:blk.44.ffn_gate_shexp.weight,     torch.bfloat16 --> Q8_0, shape = {2560, 640}
INFO:hf-to-gguf:blk.44.ffn_up_shexp.weight,       torch.bfloat16 --> Q8_0, shape = {2560, 640}
INFO:hf-to-gguf:blk.44.ffn_gate_inp_shexp.weight, torch.bfloat16 --> F32, shape = {2560, 1}
INFO:hf-to-gguf:blk.44.hc_ffn_inject.weight,      torch.bfloat16 --> F16, shape = {10240, 4}
INFO:hf-to-gguf:blk.44.hc_ffn_norm.weight,        torch.bfloat16 --> F32, shape = {10240}
INFO:hf-to-gguf:blk.44.hc_ffn_down.weight,        torch.bfloat16 --> F16, shape = {10240, 320}
INFO:hf-to-gguf:blk.44.hc_ffn_up.weight,          torch.bfloat16 --> F16, shape = {320, 10240}
INFO:hf-to-gguf:blk.45.hc_attn_inject.weight,     torch.bfloat16 --> F16, shape = {10240, 4}
INFO:hf-to-gguf:blk.45.hc_attn_norm.weight,       torch.bfloat16 --> F32, shape = {10240}
INFO:hf-to-gguf:blk.45.hc_attn_down.weight,       torch.bfloat16 --> F16, shape = {10240, 320}
INFO:hf-to-gguf:blk.45.hc_attn_up.weight,         torch.bfloat16 --> F16, shape = {320, 10240}
INFO:hf-to-gguf:blk.45.ssm_a,                     torch.bfloat16 --> F32, shape = {48}
INFO:hf-to-gguf:blk.45.ssm_conv1d.weight,         torch.bfloat16 --> F32, shape = {4, 10240}
INFO:hf-to-gguf:blk.45.ssm_dt.bias,               torch.bfloat16 --> F32, shape = {48}
INFO:hf-to-gguf:blk.45.ssm_alpha.weight,          torch.bfloat16 --> Q8_0, shape = {2560, 48}
INFO:hf-to-gguf:blk.45.ssm_beta.weight,           torch.bfloat16 --> Q8_0, shape = {2560, 48}
INFO:hf-to-gguf:blk.45.attn_qkv.weight,           torch.bfloat16 --> Q8_0, shape = {2560, 10240}
INFO:hf-to-gguf:blk.45.attn_gate.weight,          torch.bfloat16 --> Q8_0, shape = {2560, 6144}
INFO:hf-to-gguf:blk.45.ssm_norm.weight,           torch.bfloat16 --> F32, shape = {128}
INFO:hf-to-gguf:blk.45.ssm_out.weight,            torch.bfloat16 --> Q8_0, shape = {6144, 2560}
INFO:hf-to-gguf:blk.48.nextn.enorm.weight,        torch.bfloat16 --> F32, shape = {2560}
INFO:hf-to-gguf:blk.45.ffn_gate_exps.weight,      torch.bfloat16 --> Q4_K, shape = {2560, 640, 512}
INFO:hf-to-gguf:blk.45.ffn_up_exps.weight,        torch.bfloat16 --> Q4_K, shape = {2560, 640, 512}
INFO:hf-to-gguf:blk.45.ffn_down_exps.weight,      torch.bfloat16 --> Q8_0, shape = {640, 2560, 512}
INFO:hf-to-gguf:blk.45.ffn_gate_inp.weight,       torch.bfloat16 --> F32, shape = {2560, 512}
INFO:hf-to-gguf:blk.45.ffn_down_shexp.weight,     torch.bfloat16 --> Q8_0, shape = {640, 2560}
INFO:hf-to-gguf:blk.45.ffn_gate_shexp.weight,     torch.bfloat16 --> Q8_0, shape = {2560, 640}
INFO:hf-to-gguf:blk.45.ffn_up_shexp.weight,       torch.bfloat16 --> Q8_0, shape = {2560, 640}
INFO:hf-to-gguf:blk.45.ffn_gate_inp_shexp.weight, torch.bfloat16 --> F32, shape = {2560, 1}
INFO:hf-to-gguf:blk.45.hc_ffn_inject.weight,      torch.bfloat16 --> F16, shape = {10240, 4}
INFO:hf-to-gguf:blk.45.hc_ffn_norm.weight,        torch.bfloat16 --> F32, shape = {10240}
INFO:hf-to-gguf:blk.45.hc_ffn_down.weight,        torch.bfloat16 --> F16, shape = {10240, 320}
INFO:hf-to-gguf:blk.45.hc_ffn_up.weight,          torch.bfloat16 --> F16, shape = {320, 10240}
INFO:hf-to-gguf:blk.46.hc_attn_inject.weight,     torch.bfloat16 --> F16, shape = {10240, 4}
INFO:hf-to-gguf:blk.46.hc_attn_norm.weight,       torch.bfloat16 --> F32, shape = {10240}
INFO:hf-to-gguf:blk.46.hc_attn_down.weight,       torch.bfloat16 --> F16, shape = {10240, 320}
INFO:hf-to-gguf:blk.46.hc_attn_up.weight,         torch.bfloat16 --> F16, shape = {320, 10240}
INFO:hf-to-gguf:blk.46.ssm_a,                     torch.bfloat16 --> F32, shape = {48}
INFO:hf-to-gguf:blk.46.ssm_conv1d.weight,         torch.bfloat16 --> F32, shape = {4, 10240}
INFO:hf-to-gguf:blk.46.ssm_dt.bias,               torch.bfloat16 --> F32, shape = {48}
INFO:hf-to-gguf:blk.46.ssm_alpha.weight,          torch.bfloat16 --> Q8_0, shape = {2560, 48}
INFO:hf-to-gguf:blk.46.ssm_beta.weight,           torch.bfloat16 --> Q8_0, shape = {2560, 48}
INFO:hf-to-gguf:blk.46.attn_qkv.weight,           torch.bfloat16 --> Q8_0, shape = {2560, 10240}
INFO:hf-to-gguf:blk.46.attn_gate.weight,          torch.bfloat16 --> Q8_0, shape = {2560, 6144}
INFO:hf-to-gguf:blk.46.ssm_norm.weight,           torch.bfloat16 --> F32, shape = {128}
INFO:hf-to-gguf:blk.46.ssm_out.weight,            torch.bfloat16 --> Q8_0, shape = {6144, 2560}
INFO:hf-to-gguf:blk.46.ffn_gate_exps.weight,      torch.bfloat16 --> Q4_K, shape = {2560, 640, 512}
INFO:hf-to-gguf:blk.46.ffn_up_exps.weight,        torch.bfloat16 --> Q4_K, shape = {2560, 640, 512}
INFO:hf-to-gguf:blk.46.ffn_down_exps.weight,      torch.bfloat16 --> Q8_0, shape = {640, 2560, 512}
INFO:hf-to-gguf:blk.46.ffn_gate_inp.weight,       torch.bfloat16 --> F32, shape = {2560, 512}
INFO:hf-to-gguf:blk.46.ffn_down_shexp.weight,     torch.bfloat16 --> Q8_0, shape = {640, 2560}
INFO:hf-to-gguf:blk.46.ffn_gate_shexp.weight,     torch.bfloat16 --> Q8_0, shape = {2560, 640}
INFO:hf-to-gguf:blk.46.ffn_up_shexp.weight,       torch.bfloat16 --> Q8_0, shape = {2560, 640}
INFO:hf-to-gguf:blk.46.ffn_gate_inp_shexp.weight, torch.bfloat16 --> F32, shape = {2560, 1}
INFO:hf-to-gguf:blk.46.hc_ffn_inject.weight,      torch.bfloat16 --> F16, shape = {10240, 4}
INFO:hf-to-gguf:blk.46.hc_ffn_norm.weight,        torch.bfloat16 --> F32, shape = {10240}
INFO:hf-to-gguf:blk.46.hc_ffn_down.weight,        torch.bfloat16 --> F16, shape = {10240, 320}
INFO:hf-to-gguf:blk.46.hc_ffn_up.weight,          torch.bfloat16 --> F16, shape = {320, 10240}
INFO:hf-to-gguf:blk.47.hc_attn_inject.weight,     torch.bfloat16 --> F16, shape = {10240, 4}
INFO:hf-to-gguf:blk.47.hc_attn_norm.weight,       torch.bfloat16 --> F32, shape = {10240}
INFO:hf-to-gguf:blk.47.hc_attn_down.weight,       torch.bfloat16 --> F16, shape = {10240, 320}
INFO:hf-to-gguf:blk.47.hc_attn_up.weight,         torch.bfloat16 --> F16, shape = {320, 10240}
INFO:hf-to-gguf:blk.48.nextn.hnorm.weight,        torch.bfloat16 --> F32, shape = {10240}
INFO:hf-to-gguf:blk.47.ffn_gate_exps.weight,      torch.bfloat16 --> Q4_K, shape = {2560, 640, 512}
INFO:hf-to-gguf:blk.47.ffn_up_exps.weight,        torch.bfloat16 --> Q4_K, shape = {2560, 640, 512}
INFO:hf-to-gguf:blk.47.ffn_down_exps.weight,      torch.bfloat16 --> Q8_0, shape = {640, 2560, 512}
INFO:hf-to-gguf:blk.47.ffn_gate_inp.weight,       torch.bfloat16 --> F32, shape = {2560, 512}
INFO:hf-to-gguf:blk.47.ffn_down_shexp.weight,     torch.bfloat16 --> Q8_0, shape = {640, 2560}
INFO:hf-to-gguf:blk.47.ffn_gate_shexp.weight,     torch.bfloat16 --> Q8_0, shape = {2560, 640}
INFO:hf-to-gguf:blk.47.ffn_up_shexp.weight,       torch.bfloat16 --> Q8_0, shape = {2560, 640}
INFO:hf-to-gguf:blk.47.ffn_gate_inp_shexp.weight, torch.bfloat16 --> F32, shape = {2560, 1}
INFO:hf-to-gguf:blk.47.hc_ffn_inject.weight,      torch.bfloat16 --> F16, shape = {10240, 4}
INFO:hf-to-gguf:blk.47.hc_ffn_norm.weight,        torch.bfloat16 --> F32, shape = {10240}
INFO:hf-to-gguf:blk.47.hc_ffn_down.weight,        torch.bfloat16 --> F16, shape = {10240, 320}
INFO:hf-to-gguf:blk.47.hc_ffn_up.weight,          torch.bfloat16 --> F16, shape = {320, 10240}
INFO:hf-to-gguf:blk.47.indexer.q_proj.weight,     torch.bfloat16 --> BF16, shape = {2560, 512}
INFO:hf-to-gguf:blk.47.indexer.k_proj.weight,     torch.bfloat16 --> BF16, shape = {2560, 128}
INFO:hf-to-gguf:blk.47.indexer.k_norm.weight,     torch.bfloat16 --> F32, shape = {128}
INFO:hf-to-gguf:blk.47.indexer.q_norm.weight,     torch.bfloat16 --> F32, shape = {128}
INFO:hf-to-gguf:blk.47.attn_k_norm.weight,        torch.bfloat16 --> F32, shape = {256}
INFO:hf-to-gguf:blk.47.attn_k.weight,             torch.bfloat16 --> Q8_0, shape = {2560, 512}
INFO:hf-to-gguf:blk.47.attn_output.weight,        torch.bfloat16 --> Q8_0, shape = {6144, 2560}
INFO:hf-to-gguf:blk.47.attn_q_norm.weight,        torch.bfloat16 --> F32, shape = {256}
INFO:hf-to-gguf:blk.47.attn_q.weight,             torch.bfloat16 --> Q8_0, shape = {2560, 12288}
INFO:hf-to-gguf:blk.47.attn_v.weight,             torch.bfloat16 --> Q8_0, shape = {2560, 512}
INFO:hf-to-gguf:blk.5.hc_attn_inject.weight,      torch.bfloat16 --> F16, shape = {10240, 4}
INFO:hf-to-gguf:blk.5.hc_attn_norm.weight,        torch.bfloat16 --> F32, shape = {10240}
INFO:hf-to-gguf:blk.5.hc_attn_down.weight,        torch.bfloat16 --> F16, shape = {10240, 320}
INFO:hf-to-gguf:blk.5.hc_attn_up.weight,          torch.bfloat16 --> F16, shape = {320, 10240}
INFO:hf-to-gguf:blk.5.ssm_a,                      torch.bfloat16 --> F32, shape = {48}
INFO:hf-to-gguf:blk.5.ssm_conv1d.weight,          torch.bfloat16 --> F32, shape = {4, 10240}
INFO:hf-to-gguf:blk.5.ssm_dt.bias,                torch.bfloat16 --> F32, shape = {48}
INFO:hf-to-gguf:blk.5.ssm_alpha.weight,           torch.bfloat16 --> Q8_0, shape = {2560, 48}
INFO:hf-to-gguf:blk.5.ssm_beta.weight,            torch.bfloat16 --> Q8_0, shape = {2560, 48}
INFO:hf-to-gguf:blk.5.attn_qkv.weight,            torch.bfloat16 --> Q8_0, shape = {2560, 10240}
INFO:hf-to-gguf:blk.5.attn_gate.weight,           torch.bfloat16 --> Q8_0, shape = {2560, 6144}
INFO:hf-to-gguf:blk.5.ssm_norm.weight,            torch.bfloat16 --> F32, shape = {128}
INFO:hf-to-gguf:blk.5.ssm_out.weight,             torch.bfloat16 --> Q8_0, shape = {6144, 2560}
INFO:hf-to-gguf:blk.5.ffn_gate_exps.weight,       torch.bfloat16 --> Q4_K, shape = {2560, 640, 512}
INFO:hf-to-gguf:blk.5.ffn_up_exps.weight,         torch.bfloat16 --> Q4_K, shape = {2560, 640, 512}
INFO:hf-to-gguf:blk.5.ffn_down_exps.weight,       torch.bfloat16 --> Q8_0, shape = {640, 2560, 512}
INFO:hf-to-gguf:blk.5.ffn_gate_inp.weight,        torch.bfloat16 --> F32, shape = {2560, 512}
INFO:hf-to-gguf:blk.5.ffn_down_shexp.weight,      torch.bfloat16 --> Q8_0, shape = {640, 2560}
INFO:hf-to-gguf:blk.5.ffn_gate_shexp.weight,      torch.bfloat16 --> Q8_0, shape = {2560, 640}
INFO:hf-to-gguf:blk.5.ffn_up_shexp.weight,        torch.bfloat16 --> Q8_0, shape = {2560, 640}
INFO:hf-to-gguf:blk.5.ffn_gate_inp_shexp.weight,  torch.bfloat16 --> F32, shape = {2560, 1}
INFO:hf-to-gguf:blk.5.hc_ffn_inject.weight,       torch.bfloat16 --> F16, shape = {10240, 4}
INFO:hf-to-gguf:blk.5.hc_ffn_norm.weight,         torch.bfloat16 --> F32, shape = {10240}
INFO:hf-to-gguf:blk.5.hc_ffn_down.weight,         torch.bfloat16 --> F16, shape = {10240, 320}
INFO:hf-to-gguf:blk.5.hc_ffn_up.weight,           torch.bfloat16 --> F16, shape = {320, 10240}
INFO:hf-to-gguf:blk.6.hc_attn_inject.weight,      torch.bfloat16 --> F16, shape = {10240, 4}
INFO:hf-to-gguf:blk.6.hc_attn_norm.weight,        torch.bfloat16 --> F32, shape = {10240}
INFO:hf-to-gguf:blk.6.hc_attn_down.weight,        torch.bfloat16 --> F16, shape = {10240, 320}
INFO:hf-to-gguf:blk.6.hc_attn_up.weight,          torch.bfloat16 --> F16, shape = {320, 10240}
INFO:hf-to-gguf:blk.6.ssm_a,                      torch.bfloat16 --> F32, shape = {48}
INFO:hf-to-gguf:blk.6.ssm_conv1d.weight,          torch.bfloat16 --> F32, shape = {4, 10240}
INFO:hf-to-gguf:blk.6.ssm_dt.bias,                torch.bfloat16 --> F32, shape = {48}
INFO:hf-to-gguf:blk.6.ssm_alpha.weight,           torch.bfloat16 --> Q8_0, shape = {2560, 48}
INFO:hf-to-gguf:blk.6.ssm_beta.weight,            torch.bfloat16 --> Q8_0, shape = {2560, 48}
INFO:hf-to-gguf:blk.6.attn_qkv.weight,            torch.bfloat16 --> Q8_0, shape = {2560, 10240}
INFO:hf-to-gguf:blk.6.attn_gate.weight,           torch.bfloat16 --> Q8_0, shape = {2560, 6144}
INFO:hf-to-gguf:blk.6.ssm_norm.weight,            torch.bfloat16 --> F32, shape = {128}
INFO:hf-to-gguf:blk.6.ssm_out.weight,             torch.bfloat16 --> Q8_0, shape = {6144, 2560}
INFO:hf-to-gguf:blk.6.ffn_gate_exps.weight,       torch.bfloat16 --> Q4_K, shape = {2560, 640, 512}
INFO:hf-to-gguf:blk.6.ffn_up_exps.weight,         torch.bfloat16 --> Q4_K, shape = {2560, 640, 512}
INFO:hf-to-gguf:blk.6.ffn_down_exps.weight,       torch.bfloat16 --> Q8_0, shape = {640, 2560, 512}
INFO:hf-to-gguf:blk.6.ffn_gate_inp.weight,        torch.bfloat16 --> F32, shape = {2560, 512}
INFO:hf-to-gguf:blk.6.ffn_down_shexp.weight,      torch.bfloat16 --> Q8_0, shape = {640, 2560}
INFO:hf-to-gguf:blk.6.ffn_gate_shexp.weight,      torch.bfloat16 --> Q8_0, shape = {2560, 640}
INFO:hf-to-gguf:blk.6.ffn_up_shexp.weight,        torch.bfloat16 --> Q8_0, shape = {2560, 640}
INFO:hf-to-gguf:blk.6.ffn_gate_inp_shexp.weight,  torch.bfloat16 --> F32, shape = {2560, 1}
INFO:hf-to-gguf:blk.6.hc_ffn_inject.weight,       torch.bfloat16 --> F16, shape = {10240, 4}
INFO:hf-to-gguf:blk.6.hc_ffn_norm.weight,         torch.bfloat16 --> F32, shape = {10240}
INFO:hf-to-gguf:blk.6.hc_ffn_down.weight,         torch.bfloat16 --> F16, shape = {10240, 320}
INFO:hf-to-gguf:blk.6.hc_ffn_up.weight,           torch.bfloat16 --> F16, shape = {320, 10240}
INFO:hf-to-gguf:blk.7.hc_attn_inject.weight,      torch.bfloat16 --> F16, shape = {10240, 4}
INFO:hf-to-gguf:blk.7.hc_attn_norm.weight,        torch.bfloat16 --> F32, shape = {10240}
INFO:hf-to-gguf:blk.7.hc_attn_down.weight,        torch.bfloat16 --> F16, shape = {10240, 320}
INFO:hf-to-gguf:blk.7.hc_attn_up.weight,          torch.bfloat16 --> F16, shape = {320, 10240}
INFO:hf-to-gguf:blk.7.ffn_gate_exps.weight,       torch.bfloat16 --> Q4_K, shape = {2560, 640, 512}
INFO:hf-to-gguf:blk.7.ffn_up_exps.weight,         torch.bfloat16 --> Q4_K, shape = {2560, 640, 512}
INFO:hf-to-gguf:blk.7.ffn_down_exps.weight,       torch.bfloat16 --> Q8_0, shape = {640, 2560, 512}
INFO:hf-to-gguf:blk.7.ffn_gate_inp.weight,        torch.bfloat16 --> F32, shape = {2560, 512}
INFO:hf-to-gguf:blk.7.ffn_down_shexp.weight,      torch.bfloat16 --> Q8_0, shape = {640, 2560}
INFO:hf-to-gguf:blk.7.ffn_gate_shexp.weight,      torch.bfloat16 --> Q8_0, shape = {2560, 640}
INFO:hf-to-gguf:blk.7.ffn_up_shexp.weight,        torch.bfloat16 --> Q8_0, shape = {2560, 640}
INFO:hf-to-gguf:blk.7.ffn_gate_inp_shexp.weight,  torch.bfloat16 --> F32, shape = {2560, 1}
INFO:hf-to-gguf:blk.7.hc_ffn_inject.weight,       torch.bfloat16 --> F16, shape = {10240, 4}
INFO:hf-to-gguf:blk.7.hc_ffn_norm.weight,         torch.bfloat16 --> F32, shape = {10240}
INFO:hf-to-gguf:blk.7.hc_ffn_down.weight,         torch.bfloat16 --> F16, shape = {10240, 320}
INFO:hf-to-gguf:blk.7.hc_ffn_up.weight,           torch.bfloat16 --> F16, shape = {320, 10240}
INFO:hf-to-gguf:blk.7.indexer.q_proj.weight,      torch.bfloat16 --> BF16, shape = {2560, 512}
INFO:hf-to-gguf:blk.7.indexer.k_proj.weight,      torch.bfloat16 --> BF16, shape = {2560, 128}
INFO:hf-to-gguf:blk.7.indexer.k_norm.weight,      torch.bfloat16 --> F32, shape = {128}
INFO:hf-to-gguf:blk.7.indexer.q_norm.weight,      torch.bfloat16 --> F32, shape = {128}
INFO:hf-to-gguf:blk.7.attn_k_norm.weight,         torch.bfloat16 --> F32, shape = {256}
INFO:hf-to-gguf:blk.7.attn_k.weight,              torch.bfloat16 --> Q8_0, shape = {2560, 512}
INFO:hf-to-gguf:blk.7.attn_output.weight,         torch.bfloat16 --> Q8_0, shape = {6144, 2560}
INFO:hf-to-gguf:blk.7.attn_q_norm.weight,         torch.bfloat16 --> F32, shape = {256}
INFO:hf-to-gguf:blk.7.attn_q.weight,              torch.bfloat16 --> Q8_0, shape = {2560, 12288}
INFO:hf-to-gguf:blk.7.attn_v.weight,              torch.bfloat16 --> Q8_0, shape = {2560, 512}
INFO:hf-to-gguf:blk.8.hc_attn_inject.weight,      torch.bfloat16 --> F16, shape = {10240, 4}
INFO:hf-to-gguf:blk.8.hc_attn_norm.weight,        torch.bfloat16 --> F32, shape = {10240}
INFO:hf-to-gguf:blk.8.hc_attn_down.weight,        torch.bfloat16 --> F16, shape = {10240, 320}
INFO:hf-to-gguf:blk.8.hc_attn_up.weight,          torch.bfloat16 --> F16, shape = {320, 10240}
INFO:hf-to-gguf:blk.8.ssm_a,                      torch.bfloat16 --> F32, shape = {48}
INFO:hf-to-gguf:blk.8.ssm_conv1d.weight,          torch.bfloat16 --> F32, shape = {4, 10240}
INFO:hf-to-gguf:blk.8.ssm_dt.bias,                torch.bfloat16 --> F32, shape = {48}
INFO:hf-to-gguf:blk.8.ssm_alpha.weight,           torch.bfloat16 --> Q8_0, shape = {2560, 48}
INFO:hf-to-gguf:blk.8.ssm_beta.weight,            torch.bfloat16 --> Q8_0, shape = {2560, 48}
INFO:hf-to-gguf:blk.8.attn_qkv.weight,            torch.bfloat16 --> Q8_0, shape = {2560, 10240}
INFO:hf-to-gguf:blk.8.attn_gate.weight,           torch.bfloat16 --> Q8_0, shape = {2560, 6144}
INFO:hf-to-gguf:blk.8.ssm_norm.weight,            torch.bfloat16 --> F32, shape = {128}
INFO:hf-to-gguf:blk.8.ssm_out.weight,             torch.bfloat16 --> Q8_0, shape = {6144, 2560}
INFO:hf-to-gguf:blk.8.ffn_gate_exps.weight,       torch.bfloat16 --> Q4_K, shape = {2560, 640, 512}
INFO:hf-to-gguf:blk.8.ffn_up_exps.weight,         torch.bfloat16 --> Q4_K, shape = {2560, 640, 512}
INFO:hf-to-gguf:blk.8.ffn_down_exps.weight,       torch.bfloat16 --> Q8_0, shape = {640, 2560, 512}
INFO:hf-to-gguf:blk.8.ffn_gate_inp.weight,        torch.bfloat16 --> F32, shape = {2560, 512}
INFO:hf-to-gguf:blk.8.ffn_down_shexp.weight,      torch.bfloat16 --> Q8_0, shape = {640, 2560}
INFO:hf-to-gguf:blk.8.ffn_gate_shexp.weight,      torch.bfloat16 --> Q8_0, shape = {2560, 640}
INFO:hf-to-gguf:blk.8.ffn_up_shexp.weight,        torch.bfloat16 --> Q8_0, shape = {2560, 640}
INFO:hf-to-gguf:blk.8.ffn_gate_inp_shexp.weight,  torch.bfloat16 --> F32, shape = {2560, 1}
INFO:hf-to-gguf:blk.8.hc_ffn_inject.weight,       torch.bfloat16 --> F16, shape = {10240, 4}
INFO:hf-to-gguf:blk.8.hc_ffn_norm.weight,         torch.bfloat16 --> F32, shape = {10240}
INFO:hf-to-gguf:blk.8.hc_ffn_down.weight,         torch.bfloat16 --> F16, shape = {10240, 320}
INFO:hf-to-gguf:blk.8.hc_ffn_up.weight,           torch.bfloat16 --> F16, shape = {320, 10240}
INFO:hf-to-gguf:blk.9.hc_attn_inject.weight,      torch.bfloat16 --> F16, shape = {10240, 4}
INFO:hf-to-gguf:blk.9.hc_attn_norm.weight,        torch.bfloat16 --> F32, shape = {10240}
INFO:hf-to-gguf:blk.9.hc_attn_down.weight,        torch.bfloat16 --> F16, shape = {10240, 320}
INFO:hf-to-gguf:blk.9.hc_attn_up.weight,          torch.bfloat16 --> F16, shape = {320, 10240}
INFO:hf-to-gguf:blk.9.ssm_a,                      torch.bfloat16 --> F32, shape = {48}
INFO:hf-to-gguf:blk.9.ssm_conv1d.weight,          torch.bfloat16 --> F32, shape = {4, 10240}
INFO:hf-to-gguf:blk.9.ssm_dt.bias,                torch.bfloat16 --> F32, shape = {48}
INFO:hf-to-gguf:blk.9.ssm_alpha.weight,           torch.bfloat16 --> Q8_0, shape = {2560, 48}
INFO:hf-to-gguf:blk.9.ssm_beta.weight,            torch.bfloat16 --> Q8_0, shape = {2560, 48}
INFO:hf-to-gguf:blk.9.attn_qkv.weight,            torch.bfloat16 --> Q8_0, shape = {2560, 10240}
INFO:hf-to-gguf:blk.9.attn_gate.weight,           torch.bfloat16 --> Q8_0, shape = {2560, 6144}
INFO:hf-to-gguf:blk.9.ssm_norm.weight,            torch.bfloat16 --> F32, shape = {128}
INFO:hf-to-gguf:blk.9.ssm_out.weight,             torch.bfloat16 --> Q8_0, shape = {6144, 2560}
INFO:hf-to-gguf:blk.9.ffn_gate_exps.weight,       torch.bfloat16 --> Q4_K, shape = {2560, 640, 512}
INFO:hf-to-gguf:blk.9.ffn_up_exps.weight,         torch.bfloat16 --> Q4_K, shape = {2560, 640, 512}
INFO:hf-to-gguf:token_embd.weight,                torch.bfloat16 --> Q8_0, shape = {2560, 248320}
INFO:hf-to-gguf:blk.9.ffn_down_exps.weight,       torch.bfloat16 --> Q8_0, shape = {640, 2560, 512}
INFO:hf-to-gguf:blk.9.ffn_gate_inp.weight,        torch.bfloat16 --> F32, shape = {2560, 512}
INFO:hf-to-gguf:blk.9.ffn_down_shexp.weight,      torch.bfloat16 --> Q8_0, shape = {640, 2560}
INFO:hf-to-gguf:blk.9.ffn_gate_shexp.weight,      torch.bfloat16 --> Q8_0, shape = {2560, 640}
INFO:hf-to-gguf:blk.9.ffn_up_shexp.weight,        torch.bfloat16 --> Q8_0, shape = {2560, 640}
INFO:hf-to-gguf:blk.9.ffn_gate_inp_shexp.weight,  torch.bfloat16 --> F32, shape = {2560, 1}
INFO:hf-to-gguf:blk.9.hc_ffn_inject.weight,       torch.bfloat16 --> F16, shape = {10240, 4}
INFO:hf-to-gguf:blk.9.hc_ffn_norm.weight,         torch.bfloat16 --> F32, shape = {10240}
INFO:hf-to-gguf:blk.9.hc_ffn_down.weight,         torch.bfloat16 --> F16, shape = {10240, 320}
INFO:hf-to-gguf:blk.9.hc_ffn_up.weight,           torch.bfloat16 --> F16, shape = {320, 10240}
INFO:hf-to-gguf:output.weight,                    torch.bfloat16 --> Q8_0, shape = {2560, 248320}
INFO:hf-to-gguf:blk.48.nextn.eh_proj.weight,      torch.bfloat16 --> Q8_0, shape = {5120, 2560}
INFO:hf-to-gguf:Set meta model
INFO:hf-to-gguf:Set model parameters
INFO:hf-to-gguf:gguf: context length = 262144
INFO:hf-to-gguf:gguf: embedding length = 2560
INFO:hf-to-gguf:gguf: head count = 24
INFO:hf-to-gguf:gguf: key-value head count = 2
WARNING:hf-to-gguf:Unknown RoPE type: default
INFO:hf-to-gguf:gguf: rope scaling type = NONE
INFO:hf-to-gguf:gguf: mrope sections: [11, 11, 10, 0]
INFO:hf-to-gguf:gguf: rope theta = 10000000
INFO:hf-to-gguf:gguf: rms norm epsilon = 1e-06
INFO:hf-to-gguf:gguf: expert count = 512
INFO:hf-to-gguf:gguf: experts used count = 10
INFO:hf-to-gguf:gguf: file type = 7
INFO:hf-to-gguf:gguf: expert feed forward length = 640
INFO:hf-to-gguf:gguf: expert shared feed forward length = 640
INFO:hf-to-gguf:Set model quantization version
INFO:hf-to-gguf:Set model tokenizer
[transformers] You are using a model of type `qwen4_exp` to instantiate a model of type ``. This may be expected if you are loading a checkpoint that shares a subset of the architecture (e.g., loading a `sam2_video` checkpoint into `Sam2Model`), but is otherwise not supported and can yield errors. Please verify that the checkpoint is compatible with the model you are instantiating.
INFO:gguf.vocab:Adding 247587 merge(s).
INFO:gguf.vocab:Setting special token type eos to 248046
INFO:gguf.vocab:Setting special token type pad to 248044
INFO:gguf.vocab:Setting special token type bos to 248044
INFO:gguf.vocab:Setting add_bos_token to False
INFO:gguf.vocab:Setting chat_template to {%- set image_count = namespace(value=0) %}
{%- set video_count = namespace(value=0) %}
{%- macro render_content(content, do_vision_count, is_system_content=false) %}
    {%- if content is string %}
        {{- content }}
    {%- elif content is iterable and content is not mapping %}
        {%- for item in content %}
            {%- if 'image' in item or 'image_url' in item or item.type == 'image' %}
                {%- if is_system_content %}
                    {{- raise_exception('System message cannot contain images.') }}
                {%- endif %}
                {%- if do_vision_count %}
                    {%- set image_count.value = image_count.value + 1 %}
                {%- endif %}
                {%- if add_vision_id %}
                    {{- 'Picture ' ~ image_count.value ~ ': ' }}
                {%- endif %}
                {{- '<|vision_start|><|image_pad|><|vision_end|>' }}
            {%- elif 'video' in item or item.type == 'video' %}
                {%- if is_system_content %}
                    {{- raise_exception('System message cannot contain videos.') }}
                {%- endif %}
                {%- if do_vision_count %}
                    {%- set video_count.value = video_count.value + 1 %}
                {%- endif %}
                {%- if add_vision_id %}
                    {{- 'Video ' ~ video_count.value ~ ': ' }}
                {%- endif %}
                {{- '<|vision_start|><|video_pad|><|vision_end|>' }}
            {%- elif 'text' in item %}
                {{- item.text }}
            {%- else %}
                {{- raise_exception('Unexpected item type in content.') }}
            {%- endif %}
        {%- endfor %}
    {%- elif content is none or content is undefined %}
        {{- '' }}
    {%- else %}
        {{- raise_exception('Unexpected content type.') }}
    {%- endif %}
{%- endmacro %}
{%- if not messages %}
    {{- raise_exception('No messages provided.') }}
{%- endif %}
{%- set reasoning_instructions = '' %}
{%- if enable_thinking is undefined or enable_thinking is true %}
    {%- set resolved_reasoning_effort = reasoning_effort|default('xhigh') %}
    {%- if resolved_reasoning_effort not in ('xhigh', 'medium', 'low') %}
        {{- raise_exception('Unexpected reasoning effort ' ~ reasoning_effort ~ '. Supported types are xhigh (default), medium, and low.') }}
    {%- endif %}
    {%- if resolved_reasoning_effort == 'xhigh' %}
        {%- set reasoning_instructions = 'Reasoning effort is set to xhigh. Please think carefully through the task, validate key assumptions, consider plausible alternatives, and prioritize correctness, consistency, and clarity in the final answer.' %}
    {%- elif resolved_reasoning_effort == 'low' %}
        {%- set reasoning_instructions = 'Reasoning effort is set to low. Keep your thinking brief and focused, moving directly to the conclusion without unnecessary elaboration.' %}
    {%- endif %}
{%- endif %}
{%- if tools and tools is iterable and tools is not mapping %}
    {{- '<|im_start|>system\n' }}
    {%- if reasoning_instructions %}
        {{- reasoning_instructions + '\n\n' }}
    {%- endif %}
    {{- "# Tools\n\nYou have access to the following functions:\n\n<tools>" }}
    {%- for tool in tools %}
        {{- "\n" }}
        {{- tool | tojson }}
    {%- endfor %}
    {{- "\n</tools>" }}
    {{- '\n\nIf you choose to call a function ONLY reply in the following format with NO suffix:\n\n<tool_call>\n<function=example_function_name>\n<parameter=example_parameter_1>\nvalue_1\n</parameter>\n<parameter=example_parameter_2>\nThis is the value for the second parameter\nthat can span\nmultiple lines\n</parameter>\n</function>\n</tool_call>\n\n<IMPORTANT>\nReminder:\n- Function calls MUST follow the specified format: an inner <function=...></function> block must be nested within <tool_call></tool_call> XML tags\n- Required parameters MUST be specified\n- You may provide optional reasoning for your function call in natural language BEFORE the function call, but NOT after\n- If there is no function call available, answer the question like normal with your current knowledge and do not tell the user about function calls\n</IMPORTANT>' }}
    {%- if messages[0].role == 'system' %}
        {%- set content = render_content(messages[0].content, false, true)|trim %}
        {%- if content %}
            {{- '\n\n' + content }}
        {%- endif %}
    {%- endif %}
    {{- '<|im_end|>\n' }}
{%- else %}
    {%- if messages[0].role == 'system' %}
        {%- set content = render_content(messages[0].content, false, true)|trim %}
        {%- if content %}
            {{- '<|im_start|>system\n' + (reasoning_instructions + '\n\n' if reasoning_instructions else '')  + content + '<|im_end|>\n' }}
        {%- elif reasoning_instructions %}
            {{- '<|im_start|>system\n' + reasoning_instructions + '<|im_end|>\n' }}
        {%- endif %}
    {%- elif reasoning_instructions %}
        {{- '<|im_start|>system\n' + reasoning_instructions + '<|im_end|>\n' }}
    {%- endif %}
{%- endif %}
{%- set ns = namespace(multi_step_tool=true, last_query_index=messages|length - 1) %}
{%- for message in messages[::-1] %}
    {%- set index = (messages|length - 1) - loop.index0 %}
    {%- if ns.multi_step_tool and message.role == "user" %}
        {%- set content = render_content(message.content, false)|trim %}
        {%- if not(content.startswith('<tool_response>') and content.endswith('</tool_response>')) %}
            {%- set ns.multi_step_tool = false %}
            {%- set ns.last_query_index = index %}
        {%- endif %}
    {%- endif %}
{%- endfor %}
{%- if ns.multi_step_tool %}
    {{- raise_exception('No user query found in messages.') }}
{%- endif %}
{%- for message in messages %}
    {%- set content = render_content(message.content, true)|trim %}
    {%- if message.role == "system" %}
        {%- if not loop.first %}
            {{- raise_exception('System message must be at the beginning.') }}
        {%- endif %}
    {%- elif message.role == "user" %}
        {{- '<|im_start|>' + message.role + '\n' + content + '<|im_end|>' + '\n' }}
    {%- elif message.role == "assistant" %}
        {%- set reasoning_content = '' %}
        {%- if message.reasoning_content is string %}
            {%- set reasoning_content = message.reasoning_content %}
        {%- endif %}
        {%- set reasoning_content = reasoning_content|trim %}
        {%- if preserve_thinking is undefined or preserve_thinking is true or loop.index0 > ns.last_query_index %}
            {{- '<|im_start|>' + message.role + '\n<think>\n' + reasoning_content + '\n</think>\n\n' + content }}
        {%- else %}
            {{- '<|im_start|>' + message.role + '\n' + content }}
        {%- endif %}
        {%- if message.tool_calls and message.tool_calls is iterable and message.tool_calls is not mapping %}
            {%- for tool_call in message.tool_calls %}
                {%- if tool_call.function is defined %}
                    {%- set tool_call = tool_call.function %}
                {%- endif %}
                {%- if loop.first %}
                    {%- if content|trim %}
                        {{- '\n\n<tool_call>\n<function=' + tool_call.name + '>\n' }}
                    {%- else %}
                        {{- '<tool_call>\n<function=' + tool_call.name + '>\n' }}
                    {%- endif %}
                {%- else %}
                    {{- '\n<tool_call>\n<function=' + tool_call.name + '>\n' }}
                {%- endif %}
                {%- if tool_call.arguments is defined and tool_call.arguments != '' %}
                    {%- for args_name, args_value in tool_call.arguments|items %}
                        {{- '<parameter=' + args_name + '>\n' }}
                        {%- set args_value = args_value | string if args_value is string else args_value | tojson | safe %}
                        {{- args_value }}
                        {{- '\n</parameter>\n' }}
                    {%- endfor %}
                {%- endif %}
                {{- '</function>\n</tool_call>' }}
            {%- endfor %}
        {%- endif %}
        {{- '<|im_end|>\n' }}
    {%- elif message.role == "tool" %}
        {%- if loop.previtem and loop.previtem.role != "tool" %}
            {{- '<|im_start|>user' }}
        {%- endif %}
        {{- '\n<tool_response>\n' }}
        {{- content }}
        {{- '\n</tool_response>' }}
        {%- if not loop.last and loop.nextitem.role != "tool" %}
            {{- '<|im_end|>\n' }}
        {%- elif loop.last %}
            {{- '<|im_end|>\n' }}
        {%- endif %}
    {%- else %}
        {{- raise_exception('Unexpected message role.') }}
    {%- endif %}
{%- endfor %}
{%- if add_generation_prompt %}
    {{- '<|im_start|>assistant\n' }}
    {%- if enable_thinking is defined and enable_thinking is false %}
        {{- '<think>\n\n</think>\n\n' }}
    {%- else %}
        {{- '<think>\n' }}
    {%- endif %}
{%- endif %}
INFO:gguf.gguf_writer:Writing the following files:
INFO:gguf.gguf_writer:/Users/panda/models/gguf/Qwen3.8-Flash-Next-Uncensored-DS4-Q4KGateUp-Q8_0Down-MTP-L24Q8GU.gguf.incomplete: n_tensors = 1255, total_size = 96.9G
INFO:gguf.gguf_writer:Dry run, not writing files
/Users/panda/models/gguf/Qwen3.8-Flash-Next-Uncensored-DS4-Q4KGateUp-Q8_0Down-MTP-L24Q8GU.gguf.incomplete
dry-run exit 0 2026-09-15T14:25:55-04:00
