reconvert2 start 2026-09-15T18:50:03-04:00
native K-quant encoders from gguf-tools/libds4quants.dylib: Q4_K, Q2_K
imatrix tasks/q8gu/imatrix/qwen38-uncen-8336e613-routed.dat: 147 tensors
WARNING:hf-to-gguf:Failed to load model config from /Users/panda/models/hf/Qwen3.8-Flash-Next-Uncensored: The checkpoint you are trying to load has model type `qwen4_exp` but Transformers does not recognize this architecture. This could be because of an issue with the checkpoint, or because your version of Transformers is out of date.

You can update Transformers with the command `pip install --upgrade transformers`. If this does not work, and the checkpoint is very new, then there may not be a release version that supports this model yet. In this case, you can get the most up-to-date code by installing Transformers from source with the command `pip install git+https://github.com/huggingface/transformers.git`
WARNING:hf-to-gguf:Trying to load config.json instead
INFO:hf-to-gguf:gguf: loading model weight map from 'model.safetensors.index.json'
INFO:hf-to-gguf:gguf: indexing model part 'model-00001-of-00131.safetensors'
INFO:hf-to-gguf:gguf: indexing model part 'model-00002-of-00131.safetensors'
INFO:hf-to-gguf:gguf: indexing model part 'model-00003-of-00131.safetensors'
INFO:hf-to-gguf:gguf: indexing model part 'model-00004-of-00131.safetensors'
INFO:hf-to-gguf:gguf: indexing model part 'model-00005-of-00131.safetensors'
INFO:hf-to-gguf:gguf: indexing model part 'model-00006-of-00131.safetensors'
INFO:hf-to-gguf:gguf: indexing model part 'model-00007-of-00131.safetensors'
INFO:hf-to-gguf:gguf: indexing model part 'model-00008-of-00131.safetensors'
INFO:hf-to-gguf:gguf: indexing model part 'model-00009-of-00131.safetensors'
INFO:hf-to-gguf:gguf: indexing model part 'model-00010-of-00131.safetensors'
INFO:hf-to-gguf:gguf: indexing model part 'model-00011-of-00131.safetensors'
INFO:hf-to-gguf:gguf: indexing model part 'model-00012-of-00131.safetensors'
INFO:hf-to-gguf:gguf: indexing model part 'model-00013-of-00131.safetensors'
INFO:hf-to-gguf:gguf: indexing model part 'model-00014-of-00131.safetensors'
INFO:hf-to-gguf:gguf: indexing model part 'model-00015-of-00131.safetensors'
INFO:hf-to-gguf:gguf: indexing model part 'model-00016-of-00131.safetensors'
INFO:hf-to-gguf:gguf: indexing model part 'model-00017-of-00131.safetensors'
INFO:hf-to-gguf:gguf: indexing model part 'model-00018-of-00131.safetensors'
INFO:hf-to-gguf:gguf: indexing model part 'model-00019-of-00131.safetensors'
INFO:hf-to-gguf:gguf: indexing model part 'model-00020-of-00131.safetensors'
INFO:hf-to-gguf:gguf: indexing model part 'model-00021-of-00131.safetensors'
INFO:hf-to-gguf:gguf: indexing model part 'model-00022-of-00131.safetensors'
INFO:hf-to-gguf:gguf: indexing model part 'model-00023-of-00131.safetensors'
INFO:hf-to-gguf:gguf: indexing model part 'model-00024-of-00131.safetensors'
INFO:hf-to-gguf:gguf: indexing model part 'model-00025-of-00131.safetensors'
INFO:hf-to-gguf:gguf: indexing model part 'model-00026-of-00131.safetensors'
INFO:hf-to-gguf:gguf: indexing model part 'model-00027-of-00131.safetensors'
INFO:hf-to-gguf:gguf: indexing model part 'model-00028-of-00131.safetensors'
INFO:hf-to-gguf:gguf: indexing model part 'model-00029-of-00131.safetensors'
INFO:hf-to-gguf:gguf: indexing model part 'model-00030-of-00131.safetensors'
INFO:hf-to-gguf:gguf: indexing model part 'model-00031-of-00131.safetensors'
INFO:hf-to-gguf:gguf: indexing model part 'model-00032-of-00131.safetensors'
INFO:hf-to-gguf:gguf: indexing model part 'model-00033-of-00131.safetensors'
INFO:hf-to-gguf:gguf: indexing model part 'model-00034-of-00131.safetensors'
INFO:hf-to-gguf:gguf: indexing model part 'model-00035-of-00131.safetensors'
INFO:hf-to-gguf:gguf: indexing model part 'model-00036-of-00131.safetensors'
INFO:hf-to-gguf:gguf: indexing model part 'model-00037-of-00131.safetensors'
INFO:hf-to-gguf:gguf: indexing model part 'model-00038-of-00131.safetensors'
INFO:hf-to-gguf:gguf: indexing model part 'model-00039-of-00131.safetensors'
INFO:hf-to-gguf:gguf: indexing model part 'model-00040-of-00131.safetensors'
INFO:hf-to-gguf:gguf: indexing model part 'model-00041-of-00131.safetensors'
INFO:hf-to-gguf:gguf: indexing model part 'model-00042-of-00131.safetensors'
INFO:hf-to-gguf:gguf: indexing model part 'model-00043-of-00131.safetensors'
INFO:hf-to-gguf:gguf: indexing model part 'model-00044-of-00131.safetensors'
INFO:hf-to-gguf:gguf: indexing model part 'model-00045-of-00131.safetensors'
INFO:hf-to-gguf:gguf: indexing model part 'model-00046-of-00131.safetensors'
INFO:hf-to-gguf:gguf: indexing model part 'model-00047-of-00131.safetensors'
INFO:hf-to-gguf:gguf: indexing model part 'model-00048-of-00131.safetensors'
INFO:hf-to-gguf:gguf: indexing model part 'model-00049-of-00131.safetensors'
INFO:hf-to-gguf:gguf: indexing model part 'model-00050-of-00131.safetensors'
INFO:hf-to-gguf:gguf: indexing model part 'model-00051-of-00131.safetensors'
INFO:hf-to-gguf:gguf: indexing model part 'model-00052-of-00131.safetensors'
INFO:hf-to-gguf:gguf: indexing model part 'model-00053-of-00131.safetensors'
INFO:hf-to-gguf:gguf: indexing model part 'model-00054-of-00131.safetensors'
INFO:hf-to-gguf:gguf: indexing model part 'model-00055-of-00131.safetensors'
INFO:hf-to-gguf:gguf: indexing model part 'model-00056-of-00131.safetensors'
INFO:hf-to-gguf:gguf: indexing model part 'model-00057-of-00131.safetensors'
INFO:hf-to-gguf:gguf: indexing model part 'model-00058-of-00131.safetensors'
INFO:hf-to-gguf:gguf: indexing model part 'model-00059-of-00131.safetensors'
INFO:hf-to-gguf:gguf: indexing model part 'model-00060-of-00131.safetensors'
INFO:hf-to-gguf:gguf: indexing model part 'model-00061-of-00131.safetensors'
INFO:hf-to-gguf:gguf: indexing model part 'model-00062-of-00131.safetensors'
INFO:hf-to-gguf:gguf: indexing model part 'model-00063-of-00131.safetensors'
INFO:hf-to-gguf:gguf: indexing model part 'model-00064-of-00131.safetensors'
INFO:hf-to-gguf:gguf: indexing model part 'model-00065-of-00131.safetensors'
INFO:hf-to-gguf:gguf: indexing model part 'model-00066-of-00131.safetensors'
INFO:hf-to-gguf:gguf: indexing model part 'model-00067-of-00131.safetensors'
INFO:hf-to-gguf:gguf: indexing model part 'model-00068-of-00131.safetensors'
INFO:hf-to-gguf:gguf: indexing model part 'model-00069-of-00131.safetensors'
INFO:hf-to-gguf:gguf: indexing model part 'model-00070-of-00131.safetensors'
INFO:hf-to-gguf:gguf: indexing model part 'model-00071-of-00131.safetensors'
INFO:hf-to-gguf:gguf: indexing model part 'model-00072-of-00131.safetensors'
INFO:hf-to-gguf:gguf: indexing model part 'model-00073-of-00131.safetensors'
INFO:hf-to-gguf:gguf: indexing model part 'model-00074-of-00131.safetensors'
INFO:hf-to-gguf:gguf: indexing model part 'model-00075-of-00131.safetensors'
INFO:hf-to-gguf:gguf: indexing model part 'model-00076-of-00131.safetensors'
INFO:hf-to-gguf:gguf: indexing model part 'model-00077-of-00131.safetensors'
INFO:hf-to-gguf:gguf: indexing model part 'model-00078-of-00131.safetensors'
INFO:hf-to-gguf:gguf: indexing model part 'model-00079-of-00131.safetensors'
INFO:hf-to-gguf:gguf: indexing model part 'model-00080-of-00131.safetensors'
INFO:hf-to-gguf:gguf: indexing model part 'model-00081-of-00131.safetensors'
INFO:hf-to-gguf:gguf: indexing model part 'model-00082-of-00131.safetensors'
INFO:hf-to-gguf:gguf: indexing model part 'model-00083-of-00131.safetensors'
INFO:hf-to-gguf:gguf: indexing model part 'model-00084-of-00131.safetensors'
INFO:hf-to-gguf:gguf: indexing model part 'model-00085-of-00131.safetensors'
INFO:hf-to-gguf:gguf: indexing model part 'model-00086-of-00131.safetensors'
INFO:hf-to-gguf:gguf: indexing model part 'model-00087-of-00131.safetensors'
INFO:hf-to-gguf:gguf: indexing model part 'model-00088-of-00131.safetensors'
INFO:hf-to-gguf:gguf: indexing model part 'model-00089-of-00131.safetensors'
INFO:hf-to-gguf:gguf: indexing model part 'model-00090-of-00131.safetensors'
INFO:hf-to-gguf:gguf: indexing model part 'model-00091-of-00131.safetensors'
INFO:hf-to-gguf:gguf: indexing model part 'model-00092-of-00131.safetensors'
INFO:hf-to-gguf:gguf: indexing model part 'model-00093-of-00131.safetensors'
INFO:hf-to-gguf:gguf: indexing model part 'model-00094-of-00131.safetensors'
INFO:hf-to-gguf:gguf: indexing model part 'model-00095-of-00131.safetensors'
INFO:hf-to-gguf:gguf: indexing model part 'model-00096-of-00131.safetensors'
INFO:hf-to-gguf:gguf: indexing model part 'model-00097-of-00131.safetensors'
INFO:hf-to-gguf:gguf: indexing model part 'model-00098-of-00131.safetensors'
INFO:hf-to-gguf:gguf: indexing model part 'model-00099-of-00131.safetensors'
INFO:hf-to-gguf:gguf: indexing model part 'model-00100-of-00131.safetensors'
INFO:hf-to-gguf:gguf: indexing model part 'model-00101-of-00131.safetensors'
INFO:hf-to-gguf:gguf: indexing model part 'model-00102-of-00131.safetensors'
INFO:hf-to-gguf:gguf: indexing model part 'model-00103-of-00131.safetensors'
INFO:hf-to-gguf:gguf: indexing model part 'model-00104-of-00131.safetensors'
INFO:hf-to-gguf:gguf: indexing model part 'model-00105-of-00131.safetensors'
INFO:hf-to-gguf:gguf: indexing model part 'model-00106-of-00131.safetensors'
INFO:hf-to-gguf:gguf: indexing model part 'model-00107-of-00131.safetensors'
INFO:hf-to-gguf:gguf: indexing model part 'model-00108-of-00131.safetensors'
INFO:hf-to-gguf:gguf: indexing model part 'model-00109-of-00131.safetensors'
INFO:hf-to-gguf:gguf: indexing model part 'model-00110-of-00131.safetensors'
INFO:hf-to-gguf:gguf: indexing model part 'model-00111-of-00131.safetensors'
INFO:hf-to-gguf:gguf: indexing model part 'model-00112-of-00131.safetensors'
INFO:hf-to-gguf:gguf: indexing model part 'model-00113-of-00131.safetensors'
INFO:hf-to-gguf:gguf: indexing model part 'model-00114-of-00131.safetensors'
INFO:hf-to-gguf:gguf: indexing model part 'model-00115-of-00131.safetensors'
INFO:hf-to-gguf:gguf: indexing model part 'model-00116-of-00131.safetensors'
INFO:hf-to-gguf:gguf: indexing model part 'model-00117-of-00131.safetensors'
INFO:hf-to-gguf:gguf: indexing model part 'model-00118-of-00131.safetensors'
INFO:hf-to-gguf:gguf: indexing model part 'model-00119-of-00131.safetensors'
INFO:hf-to-gguf:gguf: indexing model part 'model-00120-of-00131.safetensors'
INFO:hf-to-gguf:gguf: indexing model part 'model-00121-of-00131.safetensors'
INFO:hf-to-gguf:gguf: indexing model part 'model-00122-of-00131.safetensors'
INFO:hf-to-gguf:gguf: indexing model part 'model-00123-of-00131.safetensors'
INFO:hf-to-gguf:gguf: indexing model part 'model-00124-of-00131.safetensors'
INFO:hf-to-gguf:gguf: indexing model part 'model-00125-of-00131.safetensors'
INFO:hf-to-gguf:gguf: indexing model part 'model-00126-of-00131.safetensors'
INFO:hf-to-gguf:gguf: indexing model part 'model-00127-of-00131.safetensors'
INFO:hf-to-gguf:gguf: indexing model part 'model-00128-of-00131.safetensors'
INFO:hf-to-gguf:gguf: indexing model part 'model-00129-of-00131.safetensors'
INFO:hf-to-gguf:gguf: indexing model part 'model-00130-of-00131.safetensors'
INFO:hf-to-gguf:gguf: indexing model part 'model-00131-of-00131.safetensors'
INFO:gguf.gguf_writer:gguf: This GGUF file is for Little Endian only
INFO:hf-to-gguf:output_hc_norm.weight,            torch.bfloat16 --> F32, shape = {10240}
INFO:hf-to-gguf:output_hc_down.weight,            torch.bfloat16 --> F16, shape = {10240, 320}
INFO:hf-to-gguf:output_hc_up.weight,              torch.bfloat16 --> F16, shape = {320, 10240}
INFO:hf-to-gguf:blk.0.hc_attn_inject.weight,      torch.bfloat16 --> F16, shape = {10240, 4}
INFO:hf-to-gguf:blk.0.hc_attn_norm.weight,        torch.bfloat16 --> F32, shape = {10240}
INFO:hf-to-gguf:blk.0.hc_attn_down.weight,        torch.bfloat16 --> F16, shape = {10240, 320}
INFO:hf-to-gguf:blk.0.hc_attn_up.weight,          torch.bfloat16 --> F16, shape = {320, 10240}
INFO:hf-to-gguf:blk.0.ssm_a,                      torch.bfloat16 --> F32, shape = {48}
INFO:hf-to-gguf:blk.0.ssm_conv1d.weight,          torch.bfloat16 --> F32, shape = {4, 10240}
INFO:hf-to-gguf:blk.0.ssm_dt.bias,                torch.bfloat16 --> F32, shape = {48}
INFO:hf-to-gguf:blk.0.ssm_alpha.weight,           torch.bfloat16 --> Q8_0, shape = {2560, 48}
INFO:hf-to-gguf:blk.0.ssm_beta.weight,            torch.bfloat16 --> Q8_0, shape = {2560, 48}
INFO:hf-to-gguf:blk.0.attn_qkv.weight,            torch.bfloat16 --> Q8_0, shape = {2560, 10240}
INFO:hf-to-gguf:blk.0.attn_gate.weight,           torch.bfloat16 --> Q8_0, shape = {2560, 6144}
INFO:hf-to-gguf:blk.0.ssm_norm.weight,            torch.bfloat16 --> F32, shape = {128}
INFO:hf-to-gguf:blk.0.ssm_out.weight,             torch.bfloat16 --> Q8_0, shape = {6144, 2560}
imatrix Q4_K blk.0.ffn_gate_exps.weight shape=(512, 640, 2560) rms=0.0133801
INFO:hf-to-gguf:blk.0.ffn_gate_exps.weight,       torch.bfloat16 --> Q4_K, shape = {2560, 640, 512}
INFO:hf-to-gguf:blk.0.ffn_up_exps.weight,         torch.bfloat16 --> Q4_K, shape = {2560, 640, 512}
INFO:hf-to-gguf:blk.0.ffn_down_exps.weight,       torch.bfloat16 --> Q8_0, shape = {640, 2560, 512}
INFO:hf-to-gguf:blk.0.ffn_gate_inp.weight,        torch.bfloat16 --> F32, shape = {2560, 512}
INFO:hf-to-gguf:blk.0.ffn_down_shexp.weight,      torch.bfloat16 --> Q8_0, shape = {640, 2560}
INFO:hf-to-gguf:blk.0.ffn_gate_shexp.weight,      torch.bfloat16 --> Q8_0, shape = {2560, 640}
INFO:hf-to-gguf:blk.0.ffn_up_shexp.weight,        torch.bfloat16 --> Q8_0, shape = {2560, 640}
INFO:hf-to-gguf:blk.0.ffn_gate_inp_shexp.weight,  torch.bfloat16 --> F32, shape = {2560, 1}
INFO:hf-to-gguf:blk.0.hc_ffn_inject.weight,       torch.bfloat16 --> F16, shape = {10240, 4}
INFO:hf-to-gguf:blk.0.hc_ffn_norm.weight,         torch.bfloat16 --> F32, shape = {10240}
INFO:hf-to-gguf:blk.0.hc_ffn_down.weight,         torch.bfloat16 --> F16, shape = {10240, 320}
INFO:hf-to-gguf:blk.0.hc_ffn_up.weight,           torch.bfloat16 --> F16, shape = {320, 10240}
INFO:hf-to-gguf:blk.1.hc_attn_inject.weight,      torch.bfloat16 --> F16, shape = {10240, 4}
INFO:hf-to-gguf:blk.1.hc_attn_norm.weight,        torch.bfloat16 --> F32, shape = {10240}
INFO:hf-to-gguf:blk.1.hc_attn_down.weight,        torch.bfloat16 --> F16, shape = {10240, 320}
INFO:hf-to-gguf:blk.1.hc_attn_up.weight,          torch.bfloat16 --> F16, shape = {320, 10240}
INFO:hf-to-gguf:blk.1.ssm_a,                      torch.bfloat16 --> F32, shape = {48}
INFO:hf-to-gguf:blk.1.ssm_conv1d.weight,          torch.bfloat16 --> F32, shape = {4, 10240}
INFO:hf-to-gguf:blk.1.ssm_dt.bias,                torch.bfloat16 --> F32, shape = {48}
INFO:hf-to-gguf:blk.1.ssm_alpha.weight,           torch.bfloat16 --> Q8_0, shape = {2560, 48}
INFO:hf-to-gguf:blk.1.ssm_beta.weight,            torch.bfloat16 --> Q8_0, shape = {2560, 48}
INFO:hf-to-gguf:blk.1.attn_qkv.weight,            torch.bfloat16 --> Q8_0, shape = {2560, 10240}
INFO:hf-to-gguf:blk.1.attn_gate.weight,           torch.bfloat16 --> Q8_0, shape = {2560, 6144}
INFO:hf-to-gguf:blk.1.ssm_norm.weight,            torch.bfloat16 --> F32, shape = {128}
INFO:hf-to-gguf:blk.1.ssm_out.weight,             torch.bfloat16 --> Q8_0, shape = {6144, 2560}
INFO:hf-to-gguf:blk.1.ffn_gate_exps.weight,       torch.bfloat16 --> Q4_K, shape = {2560, 640, 512}
INFO:hf-to-gguf:blk.1.ffn_up_exps.weight,         torch.bfloat16 --> Q4_K, shape = {2560, 640, 512}
INFO:hf-to-gguf:blk.1.ffn_down_exps.weight,       torch.bfloat16 --> Q8_0, shape = {640, 2560, 512}
INFO:hf-to-gguf:blk.1.ffn_gate_inp.weight,        torch.bfloat16 --> F32, shape = {2560, 512}
INFO:hf-to-gguf:blk.1.ffn_down_shexp.weight,      torch.bfloat16 --> Q8_0, shape = {640, 2560}
INFO:hf-to-gguf:blk.1.ffn_gate_shexp.weight,      torch.bfloat16 --> Q8_0, shape = {2560, 640}
INFO:hf-to-gguf:blk.1.ffn_up_shexp.weight,        torch.bfloat16 --> Q8_0, shape = {2560, 640}
INFO:hf-to-gguf:blk.1.ffn_gate_inp_shexp.weight,  torch.bfloat16 --> F32, shape = {2560, 1}
INFO:hf-to-gguf:blk.1.hc_ffn_inject.weight,       torch.bfloat16 --> F16, shape = {10240, 4}
INFO:hf-to-gguf:blk.1.hc_ffn_norm.weight,         torch.bfloat16 --> F32, shape = {10240}
INFO:hf-to-gguf:blk.1.hc_ffn_down.weight,         torch.bfloat16 --> F16, shape = {10240, 320}
INFO:hf-to-gguf:blk.1.hc_ffn_up.weight,           torch.bfloat16 --> F16, shape = {320, 10240}
INFO:hf-to-gguf:blk.1.ple_key.weight,             torch.bfloat16 --> Q8_0, shape = {2560, 10240}
INFO:hf-to-gguf:blk.1.ple_norm_conv.weight,       torch.bfloat16 --> F32, shape = {10240}
INFO:hf-to-gguf:blk.1.ple_norm_key.weight,        torch.bfloat16 --> F32, shape = {10240}
INFO:hf-to-gguf:blk.1.ple_norm_query.weight,      torch.bfloat16 --> F32, shape = {10240}
INFO:hf-to-gguf:blk.1.ple_conv1d.weight,          torch.bfloat16 --> F32, shape = {4, 10240}
INFO:hf-to-gguf:blk.1.ple_value.weight,           torch.bfloat16 --> Q8_0, shape = {2560, 2560}
INFO:hf-to-gguf:blk.10.hc_attn_inject.weight,     torch.bfloat16 --> F16, shape = {10240, 4}
INFO:hf-to-gguf:blk.10.hc_attn_norm.weight,       torch.bfloat16 --> F32, shape = {10240}
INFO:hf-to-gguf:blk.10.hc_attn_down.weight,       torch.bfloat16 --> F16, shape = {10240, 320}
INFO:hf-to-gguf:blk.10.hc_attn_up.weight,         torch.bfloat16 --> F16, shape = {320, 10240}
INFO:hf-to-gguf:blk.10.ssm_a,                     torch.bfloat16 --> F32, shape = {48}
INFO:hf-to-gguf:blk.10.ssm_conv1d.weight,         torch.bfloat16 --> F32, shape = {4, 10240}
INFO:hf-to-gguf:blk.10.ssm_dt.bias,               torch.bfloat16 --> F32, shape = {48}
INFO:hf-to-gguf:blk.10.ssm_alpha.weight,          torch.bfloat16 --> Q8_0, shape = {2560, 48}
INFO:hf-to-gguf:blk.10.ssm_beta.weight,           torch.bfloat16 --> Q8_0, shape = {2560, 48}
INFO:hf-to-gguf:blk.10.attn_qkv.weight,           torch.bfloat16 --> Q8_0, shape = {2560, 10240}
INFO:hf-to-gguf:blk.10.attn_gate.weight,          torch.bfloat16 --> Q8_0, shape = {2560, 6144}
INFO:hf-to-gguf:blk.10.ssm_norm.weight,           torch.bfloat16 --> F32, shape = {128}
INFO:hf-to-gguf:blk.10.ssm_out.weight,            torch.bfloat16 --> Q8_0, shape = {6144, 2560}
INFO:hf-to-gguf:blk.48.nextn.hc_head_norm.weight, torch.bfloat16 --> F32, shape = {10240}
INFO:hf-to-gguf:blk.10.ffn_gate_exps.weight,      torch.bfloat16 --> Q4_K, shape = {2560, 640, 512}
INFO:hf-to-gguf:blk.10.ffn_up_exps.weight,        torch.bfloat16 --> Q4_K, shape = {2560, 640, 512}
INFO:hf-to-gguf:blk.10.ffn_down_exps.weight,      torch.bfloat16 --> Q8_0, shape = {640, 2560, 512}
INFO:hf-to-gguf:blk.10.ffn_gate_inp.weight,       torch.bfloat16 --> F32, shape = {2560, 512}
INFO:hf-to-gguf:blk.10.ffn_down_shexp.weight,     torch.bfloat16 --> Q8_0, shape = {640, 2560}
INFO:hf-to-gguf:blk.10.ffn_gate_shexp.weight,     torch.bfloat16 --> Q8_0, shape = {2560, 640}
INFO:hf-to-gguf:blk.10.ffn_up_shexp.weight,       torch.bfloat16 --> Q8_0, shape = {2560, 640}
INFO:hf-to-gguf:blk.10.ffn_gate_inp_shexp.weight, torch.bfloat16 --> F32, shape = {2560, 1}
INFO:hf-to-gguf:blk.10.hc_ffn_inject.weight,      torch.bfloat16 --> F16, shape = {10240, 4}
INFO:hf-to-gguf:blk.10.hc_ffn_norm.weight,        torch.bfloat16 --> F32, shape = {10240}
INFO:hf-to-gguf:blk.10.hc_ffn_down.weight,        torch.bfloat16 --> F16, shape = {10240, 320}
INFO:hf-to-gguf:blk.10.hc_ffn_up.weight,          torch.bfloat16 --> F16, shape = {320, 10240}
INFO:hf-to-gguf:blk.11.hc_attn_inject.weight,     torch.bfloat16 --> F16, shape = {10240, 4}
INFO:hf-to-gguf:blk.11.hc_attn_norm.weight,       torch.bfloat16 --> F32, shape = {10240}
INFO:hf-to-gguf:blk.11.hc_attn_down.weight,       torch.bfloat16 --> F16, shape = {10240, 320}
INFO:hf-to-gguf:blk.11.hc_attn_up.weight,         torch.bfloat16 --> F16, shape = {320, 10240}
INFO:hf-to-gguf:blk.11.ffn_gate_exps.weight,      torch.bfloat16 --> Q4_K, shape = {2560, 640, 512}
INFO:hf-to-gguf:blk.11.ffn_up_exps.weight,        torch.bfloat16 --> Q4_K, shape = {2560, 640, 512}
INFO:hf-to-gguf:blk.11.ffn_down_exps.weight,      torch.bfloat16 --> Q8_0, shape = {640, 2560, 512}
INFO:hf-to-gguf:blk.11.ffn_gate_inp.weight,       torch.bfloat16 --> F32, shape = {2560, 512}
INFO:hf-to-gguf:blk.11.ffn_down_shexp.weight,     torch.bfloat16 --> Q8_0, shape = {640, 2560}
INFO:hf-to-gguf:blk.11.ffn_gate_shexp.weight,     torch.bfloat16 --> Q8_0, shape = {2560, 640}
INFO:hf-to-gguf:blk.11.ffn_up_shexp.weight,       torch.bfloat16 --> Q8_0, shape = {2560, 640}
INFO:hf-to-gguf:blk.11.ffn_gate_inp_shexp.weight, torch.bfloat16 --> F32, shape = {2560, 1}
INFO:hf-to-gguf:blk.11.hc_ffn_inject.weight,      torch.bfloat16 --> F16, shape = {10240, 4}
INFO:hf-to-gguf:blk.11.hc_ffn_norm.weight,        torch.bfloat16 --> F32, shape = {10240}
INFO:hf-to-gguf:blk.11.hc_ffn_down.weight,        torch.bfloat16 --> F16, shape = {10240, 320}
INFO:hf-to-gguf:blk.11.hc_ffn_up.weight,          torch.bfloat16 --> F16, shape = {320, 10240}
INFO:hf-to-gguf:blk.11.indexer.q_proj.weight,     torch.bfloat16 --> BF16, shape = {2560, 512}
INFO:hf-to-gguf:blk.11.indexer.k_proj.weight,     torch.bfloat16 --> BF16, shape = {2560, 128}
INFO:hf-to-gguf:blk.11.indexer.k_norm.weight,     torch.bfloat16 --> F32, shape = {128}
INFO:hf-to-gguf:blk.11.indexer.q_norm.weight,     torch.bfloat16 --> F32, shape = {128}
INFO:hf-to-gguf:blk.11.attn_k_norm.weight,        torch.bfloat16 --> F32, shape = {256}
INFO:hf-to-gguf:blk.11.attn_k.weight,             torch.bfloat16 --> Q8_0, shape = {2560, 512}
INFO:hf-to-gguf:blk.11.attn_output.weight,        torch.bfloat16 --> Q8_0, shape = {6144, 2560}
INFO:hf-to-gguf:blk.11.attn_q_norm.weight,        torch.bfloat16 --> F32, shape = {256}
INFO:hf-to-gguf:blk.11.attn_q.weight,             torch.bfloat16 --> Q8_0, shape = {2560, 12288}
INFO:hf-to-gguf:blk.11.attn_v.weight,             torch.bfloat16 --> Q8_0, shape = {2560, 512}
INFO:hf-to-gguf:blk.12.hc_attn_inject.weight,     torch.bfloat16 --> F16, shape = {10240, 4}
INFO:hf-to-gguf:blk.12.hc_attn_norm.weight,       torch.bfloat16 --> F32, shape = {10240}
INFO:hf-to-gguf:blk.12.hc_attn_down.weight,       torch.bfloat16 --> F16, shape = {10240, 320}
INFO:hf-to-gguf:blk.12.hc_attn_up.weight,         torch.bfloat16 --> F16, shape = {320, 10240}
INFO:hf-to-gguf:blk.12.ssm_a,                     torch.bfloat16 --> F32, shape = {48}
INFO:hf-to-gguf:blk.12.ssm_conv1d.weight,         torch.bfloat16 --> F32, shape = {4, 10240}
INFO:hf-to-gguf:blk.12.ssm_dt.bias,               torch.bfloat16 --> F32, shape = {48}
INFO:hf-to-gguf:blk.12.ssm_alpha.weight,          torch.bfloat16 --> Q8_0, shape = {2560, 48}
INFO:hf-to-gguf:blk.12.ssm_beta.weight,           torch.bfloat16 --> Q8_0, shape = {2560, 48}
INFO:hf-to-gguf:blk.12.attn_qkv.weight,           torch.bfloat16 --> Q8_0, shape = {2560, 10240}
INFO:hf-to-gguf:blk.12.attn_gate.weight,          torch.bfloat16 --> Q8_0, shape = {2560, 6144}
INFO:hf-to-gguf:blk.12.ssm_norm.weight,           torch.bfloat16 --> F32, shape = {128}
INFO:hf-to-gguf:blk.12.ssm_out.weight,            torch.bfloat16 --> Q8_0, shape = {6144, 2560}
INFO:hf-to-gguf:blk.48.nextn.hc_head_down.weight, torch.bfloat16 --> F16, shape = {10240, 320}
INFO:hf-to-gguf:blk.12.ffn_gate_exps.weight,      torch.bfloat16 --> Q4_K, shape = {2560, 640, 512}
INFO:hf-to-gguf:blk.12.ffn_up_exps.weight,        torch.bfloat16 --> Q4_K, shape = {2560, 640, 512}
INFO:hf-to-gguf:blk.12.ffn_down_exps.weight,      torch.bfloat16 --> Q8_0, shape = {640, 2560, 512}
INFO:hf-to-gguf:blk.12.ffn_gate_inp.weight,       torch.bfloat16 --> F32, shape = {2560, 512}
INFO:hf-to-gguf:blk.12.ffn_down_shexp.weight,     torch.bfloat16 --> Q8_0, shape = {640, 2560}
INFO:hf-to-gguf:blk.12.ffn_gate_shexp.weight,     torch.bfloat16 --> Q8_0, shape = {2560, 640}
INFO:hf-to-gguf:blk.12.ffn_up_shexp.weight,       torch.bfloat16 --> Q8_0, shape = {2560, 640}
INFO:hf-to-gguf:blk.12.ffn_gate_inp_shexp.weight, torch.bfloat16 --> F32, shape = {2560, 1}
INFO:hf-to-gguf:blk.12.hc_ffn_inject.weight,      torch.bfloat16 --> F16, shape = {10240, 4}
INFO:hf-to-gguf:blk.12.hc_ffn_norm.weight,        torch.bfloat16 --> F32, shape = {10240}
INFO:hf-to-gguf:blk.12.hc_ffn_down.weight,        torch.bfloat16 --> F16, shape = {10240, 320}
INFO:hf-to-gguf:blk.12.hc_ffn_up.weight,          torch.bfloat16 --> F16, shape = {320, 10240}
INFO:hf-to-gguf:blk.13.hc_attn_inject.weight,     torch.bfloat16 --> F16, shape = {10240, 4}
INFO:hf-to-gguf:blk.13.hc_attn_norm.weight,       torch.bfloat16 --> F32, shape = {10240}
INFO:hf-to-gguf:blk.13.hc_attn_down.weight,       torch.bfloat16 --> F16, shape = {10240, 320}
INFO:hf-to-gguf:blk.13.hc_attn_up.weight,         torch.bfloat16 --> F16, shape = {320, 10240}
INFO:hf-to-gguf:blk.13.ssm_a,                     torch.bfloat16 --> F32, shape = {48}
INFO:hf-to-gguf:blk.13.ssm_conv1d.weight,         torch.bfloat16 --> F32, shape = {4, 10240}
INFO:hf-to-gguf:blk.13.ssm_dt.bias,               torch.bfloat16 --> F32, shape = {48}
INFO:hf-to-gguf:blk.13.ssm_alpha.weight,          torch.bfloat16 --> Q8_0, shape = {2560, 48}
INFO:hf-to-gguf:blk.13.ssm_beta.weight,           torch.bfloat16 --> Q8_0, shape = {2560, 48}
INFO:hf-to-gguf:blk.13.attn_qkv.weight,           torch.bfloat16 --> Q8_0, shape = {2560, 10240}
INFO:hf-to-gguf:blk.13.attn_gate.weight,          torch.bfloat16 --> Q8_0, shape = {2560, 6144}
INFO:hf-to-gguf:blk.13.ssm_norm.weight,           torch.bfloat16 --> F32, shape = {128}
INFO:hf-to-gguf:blk.13.ssm_out.weight,            torch.bfloat16 --> Q8_0, shape = {6144, 2560}
INFO:hf-to-gguf:blk.48.nextn.hc_head_up.weight,   torch.bfloat16 --> F16, shape = {320, 10240}
INFO:hf-to-gguf:blk.13.ffn_gate_exps.weight,      torch.bfloat16 --> Q4_K, shape = {2560, 640, 512}
INFO:hf-to-gguf:blk.13.ffn_up_exps.weight,        torch.bfloat16 --> Q4_K, shape = {2560, 640, 512}
INFO:hf-to-gguf:blk.13.ffn_down_exps.weight,      torch.bfloat16 --> Q8_0, shape = {640, 2560, 512}
INFO:hf-to-gguf:blk.13.ffn_gate_inp.weight,       torch.bfloat16 --> F32, shape = {2560, 512}
INFO:hf-to-gguf:blk.13.ffn_down_shexp.weight,     torch.bfloat16 --> Q8_0, shape = {640, 2560}
INFO:hf-to-gguf:blk.13.ffn_gate_shexp.weight,     torch.bfloat16 --> Q8_0, shape = {2560, 640}
INFO:hf-to-gguf:blk.13.ffn_up_shexp.weight,       torch.bfloat16 --> Q8_0, shape = {2560, 640}
INFO:hf-to-gguf:blk.13.ffn_gate_inp_shexp.weight, torch.bfloat16 --> F32, shape = {2560, 1}
INFO:hf-to-gguf:blk.13.hc_ffn_inject.weight,      torch.bfloat16 --> F16, shape = {10240, 4}
INFO:hf-to-gguf:blk.13.hc_ffn_norm.weight,        torch.bfloat16 --> F32, shape = {10240}
INFO:hf-to-gguf:blk.13.hc_ffn_down.weight,        torch.bfloat16 --> F16, shape = {10240, 320}
INFO:hf-to-gguf:blk.13.hc_ffn_up.weight,          torch.bfloat16 --> F16, shape = {320, 10240}
INFO:hf-to-gguf:blk.14.hc_attn_inject.weight,     torch.bfloat16 --> F16, shape = {10240, 4}
INFO:hf-to-gguf:blk.14.hc_attn_norm.weight,       torch.bfloat16 --> F32, shape = {10240}
INFO:hf-to-gguf:blk.14.hc_attn_down.weight,       torch.bfloat16 --> F16, shape = {10240, 320}
INFO:hf-to-gguf:blk.14.hc_attn_up.weight,         torch.bfloat16 --> F16, shape = {320, 10240}
INFO:hf-to-gguf:blk.14.ssm_a,                     torch.bfloat16 --> F32, shape = {48}
INFO:hf-to-gguf:blk.14.ssm_conv1d.weight,         torch.bfloat16 --> F32, shape = {4, 10240}
INFO:hf-to-gguf:blk.14.ssm_dt.bias,               torch.bfloat16 --> F32, shape = {48}
INFO:hf-to-gguf:blk.14.ssm_alpha.weight,          torch.bfloat16 --> Q8_0, shape = {2560, 48}
INFO:hf-to-gguf:blk.14.ssm_beta.weight,           torch.bfloat16 --> Q8_0, shape = {2560, 48}
INFO:hf-to-gguf:blk.14.attn_qkv.weight,           torch.bfloat16 --> Q8_0, shape = {2560, 10240}
INFO:hf-to-gguf:blk.14.attn_gate.weight,          torch.bfloat16 --> Q8_0, shape = {2560, 6144}
INFO:hf-to-gguf:blk.14.ssm_norm.weight,           torch.bfloat16 --> F32, shape = {128}
INFO:hf-to-gguf:blk.14.ssm_out.weight,            torch.bfloat16 --> Q8_0, shape = {6144, 2560}
INFO:hf-to-gguf:blk.14.ffn_gate_exps.weight,      torch.bfloat16 --> Q4_K, shape = {2560, 640, 512}
INFO:hf-to-gguf:blk.14.ffn_up_exps.weight,        torch.bfloat16 --> Q4_K, shape = {2560, 640, 512}
INFO:hf-to-gguf:blk.14.ffn_down_exps.weight,      torch.bfloat16 --> Q8_0, shape = {640, 2560, 512}
INFO:hf-to-gguf:blk.14.ffn_gate_inp.weight,       torch.bfloat16 --> F32, shape = {2560, 512}
INFO:hf-to-gguf:blk.14.ffn_down_shexp.weight,     torch.bfloat16 --> Q8_0, shape = {640, 2560}
INFO:hf-to-gguf:blk.14.ffn_gate_shexp.weight,     torch.bfloat16 --> Q8_0, shape = {2560, 640}
INFO:hf-to-gguf:blk.14.ffn_up_shexp.weight,       torch.bfloat16 --> Q8_0, shape = {2560, 640}
INFO:hf-to-gguf:blk.14.ffn_gate_inp_shexp.weight, torch.bfloat16 --> F32, shape = {2560, 1}
INFO:hf-to-gguf:blk.14.hc_ffn_inject.weight,      torch.bfloat16 --> F16, shape = {10240, 4}
INFO:hf-to-gguf:blk.14.hc_ffn_norm.weight,        torch.bfloat16 --> F32, shape = {10240}
INFO:hf-to-gguf:blk.14.hc_ffn_down.weight,        torch.bfloat16 --> F16, shape = {10240, 320}
INFO:hf-to-gguf:blk.14.hc_ffn_up.weight,          torch.bfloat16 --> F16, shape = {320, 10240}
INFO:hf-to-gguf:blk.15.hc_attn_inject.weight,     torch.bfloat16 --> F16, shape = {10240, 4}
INFO:hf-to-gguf:blk.15.hc_attn_norm.weight,       torch.bfloat16 --> F32, shape = {10240}
INFO:hf-to-gguf:blk.15.hc_attn_down.weight,       torch.bfloat16 --> F16, shape = {10240, 320}
INFO:hf-to-gguf:blk.15.hc_attn_up.weight,         torch.bfloat16 --> F16, shape = {320, 10240}
INFO:hf-to-gguf:blk.48.hc_attn_inject.weight,     torch.bfloat16 --> F16, shape = {10240, 4}
INFO:hf-to-gguf:blk.15.ffn_gate_exps.weight,      torch.bfloat16 --> Q4_K, shape = {2560, 640, 512}
INFO:hf-to-gguf:blk.15.ffn_up_exps.weight,        torch.bfloat16 --> Q4_K, shape = {2560, 640, 512}
INFO:hf-to-gguf:blk.15.ffn_down_exps.weight,      torch.bfloat16 --> Q8_0, shape = {640, 2560, 512}
INFO:hf-to-gguf:blk.15.ffn_gate_inp.weight,       torch.bfloat16 --> F32, shape = {2560, 512}
INFO:hf-to-gguf:blk.15.ffn_down_shexp.weight,     torch.bfloat16 --> Q8_0, shape = {640, 2560}
INFO:hf-to-gguf:blk.15.ffn_gate_shexp.weight,     torch.bfloat16 --> Q8_0, shape = {2560, 640}
INFO:hf-to-gguf:blk.15.ffn_up_shexp.weight,       torch.bfloat16 --> Q8_0, shape = {2560, 640}
INFO:hf-to-gguf:blk.15.ffn_gate_inp_shexp.weight, torch.bfloat16 --> F32, shape = {2560, 1}
INFO:hf-to-gguf:blk.15.hc_ffn_inject.weight,      torch.bfloat16 --> F16, shape = {10240, 4}
INFO:hf-to-gguf:blk.15.hc_ffn_norm.weight,        torch.bfloat16 --> F32, shape = {10240}
INFO:hf-to-gguf:blk.15.hc_ffn_down.weight,        torch.bfloat16 --> F16, shape = {10240, 320}
INFO:hf-to-gguf:blk.15.hc_ffn_up.weight,          torch.bfloat16 --> F16, shape = {320, 10240}
INFO:hf-to-gguf:blk.15.indexer.q_proj.weight,     torch.bfloat16 --> BF16, shape = {2560, 512}
INFO:hf-to-gguf:blk.15.indexer.k_proj.weight,     torch.bfloat16 --> BF16, shape = {2560, 128}
INFO:hf-to-gguf:blk.15.indexer.k_norm.weight,     torch.bfloat16 --> F32, shape = {128}
INFO:hf-to-gguf:blk.15.indexer.q_norm.weight,     torch.bfloat16 --> F32, shape = {128}
INFO:hf-to-gguf:blk.15.attn_k_norm.weight,        torch.bfloat16 --> F32, shape = {256}
INFO:hf-to-gguf:blk.15.attn_k.weight,             torch.bfloat16 --> Q8_0, shape = {2560, 512}
INFO:hf-to-gguf:blk.15.attn_output.weight,        torch.bfloat16 --> Q8_0, shape = {6144, 2560}
INFO:hf-to-gguf:blk.15.attn_q_norm.weight,        torch.bfloat16 --> F32, shape = {256}
INFO:hf-to-gguf:blk.15.attn_q.weight,             torch.bfloat16 --> Q8_0, shape = {2560, 12288}
INFO:hf-to-gguf:blk.15.attn_v.weight,             torch.bfloat16 --> Q8_0, shape = {2560, 512}
INFO:hf-to-gguf:blk.16.hc_attn_inject.weight,     torch.bfloat16 --> F16, shape = {10240, 4}
INFO:hf-to-gguf:blk.16.hc_attn_norm.weight,       torch.bfloat16 --> F32, shape = {10240}
INFO:hf-to-gguf:blk.16.hc_attn_down.weight,       torch.bfloat16 --> F16, shape = {10240, 320}
INFO:hf-to-gguf:blk.16.hc_attn_up.weight,         torch.bfloat16 --> F16, shape = {320, 10240}
INFO:hf-to-gguf:blk.16.ssm_a,                     torch.bfloat16 --> F32, shape = {48}
INFO:hf-to-gguf:blk.16.ssm_conv1d.weight,         torch.bfloat16 --> F32, shape = {4, 10240}
INFO:hf-to-gguf:blk.16.ssm_dt.bias,               torch.bfloat16 --> F32, shape = {48}
INFO:hf-to-gguf:blk.16.ssm_alpha.weight,          torch.bfloat16 --> Q8_0, shape = {2560, 48}
INFO:hf-to-gguf:blk.16.ssm_beta.weight,           torch.bfloat16 --> Q8_0, shape = {2560, 48}
INFO:hf-to-gguf:blk.16.attn_qkv.weight,           torch.bfloat16 --> Q8_0, shape = {2560, 10240}
INFO:hf-to-gguf:blk.16.attn_gate.weight,          torch.bfloat16 --> Q8_0, shape = {2560, 6144}
INFO:hf-to-gguf:blk.16.ssm_norm.weight,           torch.bfloat16 --> F32, shape = {128}
INFO:hf-to-gguf:blk.16.ssm_out.weight,            torch.bfloat16 --> Q8_0, shape = {6144, 2560}
INFO:hf-to-gguf:blk.48.hc_attn_norm.weight,       torch.bfloat16 --> F32, shape = {10240}
INFO:hf-to-gguf:blk.16.ffn_gate_exps.weight,      torch.bfloat16 --> Q4_K, shape = {2560, 640, 512}
INFO:hf-to-gguf:blk.16.ffn_up_exps.weight,        torch.bfloat16 --> Q4_K, shape = {2560, 640, 512}
INFO:hf-to-gguf:blk.16.ffn_down_exps.weight,      torch.bfloat16 --> Q8_0, shape = {640, 2560, 512}
INFO:hf-to-gguf:blk.16.ffn_gate_inp.weight,       torch.bfloat16 --> F32, shape = {2560, 512}
INFO:hf-to-gguf:blk.16.ffn_down_shexp.weight,     torch.bfloat16 --> Q8_0, shape = {640, 2560}
INFO:hf-to-gguf:blk.16.ffn_gate_shexp.weight,     torch.bfloat16 --> Q8_0, shape = {2560, 640}
INFO:hf-to-gguf:blk.16.ffn_up_shexp.weight,       torch.bfloat16 --> Q8_0, shape = {2560, 640}
INFO:hf-to-gguf:blk.16.ffn_gate_inp_shexp.weight, torch.bfloat16 --> F32, shape = {2560, 1}
INFO:hf-to-gguf:blk.16.hc_ffn_inject.weight,      torch.bfloat16 --> F16, shape = {10240, 4}
INFO:hf-to-gguf:blk.16.hc_ffn_norm.weight,        torch.bfloat16 --> F32, shape = {10240}
INFO:hf-to-gguf:blk.16.hc_ffn_down.weight,        torch.bfloat16 --> F16, shape = {10240, 320}
INFO:hf-to-gguf:blk.16.hc_ffn_up.weight,          torch.bfloat16 --> F16, shape = {320, 10240}
INFO:hf-to-gguf:blk.17.hc_attn_inject.weight,     torch.bfloat16 --> F16, shape = {10240, 4}
INFO:hf-to-gguf:blk.17.hc_attn_norm.weight,       torch.bfloat16 --> F32, shape = {10240}
INFO:hf-to-gguf:blk.17.hc_attn_down.weight,       torch.bfloat16 --> F16, shape = {10240, 320}
INFO:hf-to-gguf:blk.17.hc_attn_up.weight,         torch.bfloat16 --> F16, shape = {320, 10240}
INFO:hf-to-gguf:blk.17.ssm_a,                     torch.bfloat16 --> F32, shape = {48}
INFO:hf-to-gguf:blk.17.ssm_conv1d.weight,         torch.bfloat16 --> F32, shape = {4, 10240}
INFO:hf-to-gguf:blk.17.ssm_dt.bias,               torch.bfloat16 --> F32, shape = {48}
INFO:hf-to-gguf:blk.17.ssm_alpha.weight,          torch.bfloat16 --> Q8_0, shape = {2560, 48}
INFO:hf-to-gguf:blk.17.ssm_beta.weight,           torch.bfloat16 --> Q8_0, shape = {2560, 48}
INFO:hf-to-gguf:blk.17.attn_qkv.weight,           torch.bfloat16 --> Q8_0, shape = {2560, 10240}
INFO:hf-to-gguf:blk.17.attn_gate.weight,          torch.bfloat16 --> Q8_0, shape = {2560, 6144}
INFO:hf-to-gguf:blk.17.ssm_norm.weight,           torch.bfloat16 --> F32, shape = {128}
INFO:hf-to-gguf:blk.17.ssm_out.weight,            torch.bfloat16 --> Q8_0, shape = {6144, 2560}
INFO:hf-to-gguf:blk.17.ffn_gate_exps.weight,      torch.bfloat16 --> Q4_K, shape = {2560, 640, 512}
INFO:hf-to-gguf:blk.17.ffn_up_exps.weight,        torch.bfloat16 --> Q4_K, shape = {2560, 640, 512}
INFO:hf-to-gguf:blk.17.ffn_down_exps.weight,      torch.bfloat16 --> Q8_0, shape = {640, 2560, 512}
INFO:hf-to-gguf:blk.17.ffn_gate_inp.weight,       torch.bfloat16 --> F32, shape = {2560, 512}
INFO:hf-to-gguf:blk.17.ffn_down_shexp.weight,     torch.bfloat16 --> Q8_0, shape = {640, 2560}
INFO:hf-to-gguf:blk.17.ffn_gate_shexp.weight,     torch.bfloat16 --> Q8_0, shape = {2560, 640}
INFO:hf-to-gguf:blk.17.ffn_up_shexp.weight,       torch.bfloat16 --> Q8_0, shape = {2560, 640}
INFO:hf-to-gguf:blk.17.ffn_gate_inp_shexp.weight, torch.bfloat16 --> F32, shape = {2560, 1}
INFO:hf-to-gguf:blk.17.hc_ffn_inject.weight,      torch.bfloat16 --> F16, shape = {10240, 4}
INFO:hf-to-gguf:blk.17.hc_ffn_norm.weight,        torch.bfloat16 --> F32, shape = {10240}
INFO:hf-to-gguf:blk.17.hc_ffn_down.weight,        torch.bfloat16 --> F16, shape = {10240, 320}
INFO:hf-to-gguf:blk.17.hc_ffn_up.weight,          torch.bfloat16 --> F16, shape = {320, 10240}
INFO:hf-to-gguf:blk.18.hc_attn_inject.weight,     torch.bfloat16 --> F16, shape = {10240, 4}
INFO:hf-to-gguf:blk.18.hc_attn_norm.weight,       torch.bfloat16 --> F32, shape = {10240}
INFO:hf-to-gguf:blk.18.hc_attn_down.weight,       torch.bfloat16 --> F16, shape = {10240, 320}
INFO:hf-to-gguf:blk.18.hc_attn_up.weight,         torch.bfloat16 --> F16, shape = {320, 10240}
INFO:hf-to-gguf:blk.18.ssm_a,                     torch.bfloat16 --> F32, shape = {48}
INFO:hf-to-gguf:blk.18.ssm_conv1d.weight,         torch.bfloat16 --> F32, shape = {4, 10240}
INFO:hf-to-gguf:blk.18.ssm_dt.bias,               torch.bfloat16 --> F32, shape = {48}
INFO:hf-to-gguf:blk.18.ssm_alpha.weight,          torch.bfloat16 --> Q8_0, shape = {2560, 48}
INFO:hf-to-gguf:blk.18.ssm_beta.weight,           torch.bfloat16 --> Q8_0, shape = {2560, 48}
INFO:hf-to-gguf:blk.18.attn_qkv.weight,           torch.bfloat16 --> Q8_0, shape = {2560, 10240}
INFO:hf-to-gguf:blk.18.attn_gate.weight,          torch.bfloat16 --> Q8_0, shape = {2560, 6144}
INFO:hf-to-gguf:blk.18.ssm_norm.weight,           torch.bfloat16 --> F32, shape = {128}
INFO:hf-to-gguf:blk.18.ssm_out.weight,            torch.bfloat16 --> Q8_0, shape = {6144, 2560}
INFO:hf-to-gguf:blk.48.hc_attn_down.weight,       torch.bfloat16 --> F16, shape = {10240, 320}
INFO:hf-to-gguf:blk.18.ffn_gate_exps.weight,      torch.bfloat16 --> Q4_K, shape = {2560, 640, 512}
INFO:hf-to-gguf:blk.18.ffn_up_exps.weight,        torch.bfloat16 --> Q4_K, shape = {2560, 640, 512}
INFO:hf-to-gguf:blk.18.ffn_down_exps.weight,      torch.bfloat16 --> Q8_0, shape = {640, 2560, 512}
INFO:hf-to-gguf:blk.18.ffn_gate_inp.weight,       torch.bfloat16 --> F32, shape = {2560, 512}
INFO:hf-to-gguf:blk.18.ffn_down_shexp.weight,     torch.bfloat16 --> Q8_0, shape = {640, 2560}
INFO:hf-to-gguf:blk.18.ffn_gate_shexp.weight,     torch.bfloat16 --> Q8_0, shape = {2560, 640}
INFO:hf-to-gguf:blk.18.ffn_up_shexp.weight,       torch.bfloat16 --> Q8_0, shape = {2560, 640}
INFO:hf-to-gguf:blk.18.ffn_gate_inp_shexp.weight, torch.bfloat16 --> F32, shape = {2560, 1}
INFO:hf-to-gguf:blk.18.hc_ffn_inject.weight,      torch.bfloat16 --> F16, shape = {10240, 4}
INFO:hf-to-gguf:blk.18.hc_ffn_norm.weight,        torch.bfloat16 --> F32, shape = {10240}
INFO:hf-to-gguf:blk.18.hc_ffn_down.weight,        torch.bfloat16 --> F16, shape = {10240, 320}
INFO:hf-to-gguf:blk.18.hc_ffn_up.weight,          torch.bfloat16 --> F16, shape = {320, 10240}
INFO:hf-to-gguf:blk.19.hc_attn_inject.weight,     torch.bfloat16 --> F16, shape = {10240, 4}
INFO:hf-to-gguf:blk.19.hc_attn_norm.weight,       torch.bfloat16 --> F32, shape = {10240}
INFO:hf-to-gguf:blk.19.hc_attn_down.weight,       torch.bfloat16 --> F16, shape = {10240, 320}
INFO:hf-to-gguf:blk.19.hc_attn_up.weight,         torch.bfloat16 --> F16, shape = {320, 10240}
INFO:hf-to-gguf:blk.19.ffn_gate_exps.weight,      torch.bfloat16 --> Q4_K, shape = {2560, 640, 512}
INFO:hf-to-gguf:blk.19.ffn_up_exps.weight,        torch.bfloat16 --> Q4_K, shape = {2560, 640, 512}
INFO:hf-to-gguf:blk.19.ffn_down_exps.weight,      torch.bfloat16 --> Q8_0, shape = {640, 2560, 512}
INFO:hf-to-gguf:blk.19.ffn_gate_inp.weight,       torch.bfloat16 --> F32, shape = {2560, 512}
INFO:hf-to-gguf:blk.19.ffn_down_shexp.weight,     torch.bfloat16 --> Q8_0, shape = {640, 2560}
INFO:hf-to-gguf:blk.19.ffn_gate_shexp.weight,     torch.bfloat16 --> Q8_0, shape = {2560, 640}
INFO:hf-to-gguf:blk.19.ffn_up_shexp.weight,       torch.bfloat16 --> Q8_0, shape = {2560, 640}
INFO:hf-to-gguf:blk.19.ffn_gate_inp_shexp.weight, torch.bfloat16 --> F32, shape = {2560, 1}
INFO:hf-to-gguf:blk.19.hc_ffn_inject.weight,      torch.bfloat16 --> F16, shape = {10240, 4}
INFO:hf-to-gguf:blk.19.hc_ffn_norm.weight,        torch.bfloat16 --> F32, shape = {10240}
INFO:hf-to-gguf:blk.19.hc_ffn_down.weight,        torch.bfloat16 --> F16, shape = {10240, 320}
INFO:hf-to-gguf:blk.19.hc_ffn_up.weight,          torch.bfloat16 --> F16, shape = {320, 10240}
INFO:hf-to-gguf:blk.19.indexer.q_proj.weight,     torch.bfloat16 --> BF16, shape = {2560, 512}
INFO:hf-to-gguf:blk.19.indexer.k_proj.weight,     torch.bfloat16 --> BF16, shape = {2560, 128}
INFO:hf-to-gguf:blk.19.indexer.k_norm.weight,     torch.bfloat16 --> F32, shape = {128}
INFO:hf-to-gguf:blk.19.indexer.q_norm.weight,     torch.bfloat16 --> F32, shape = {128}
INFO:hf-to-gguf:blk.19.attn_k_norm.weight,        torch.bfloat16 --> F32, shape = {256}
INFO:hf-to-gguf:blk.19.attn_k.weight,             torch.bfloat16 --> Q8_0, shape = {2560, 512}
INFO:hf-to-gguf:blk.19.attn_output.weight,        torch.bfloat16 --> Q8_0, shape = {6144, 2560}
INFO:hf-to-gguf:blk.19.attn_q_norm.weight,        torch.bfloat16 --> F32, shape = {256}
INFO:hf-to-gguf:blk.19.attn_q.weight,             torch.bfloat16 --> Q8_0, shape = {2560, 12288}
INFO:hf-to-gguf:blk.19.attn_v.weight,             torch.bfloat16 --> Q8_0, shape = {2560, 512}
INFO:hf-to-gguf:blk.2.hc_attn_inject.weight,      torch.bfloat16 --> F16, shape = {10240, 4}
INFO:hf-to-gguf:blk.2.hc_attn_norm.weight,        torch.bfloat16 --> F32, shape = {10240}
INFO:hf-to-gguf:blk.2.hc_attn_down.weight,        torch.bfloat16 --> F16, shape = {10240, 320}
INFO:hf-to-gguf:blk.2.hc_attn_up.weight,          torch.bfloat16 --> F16, shape = {320, 10240}
INFO:hf-to-gguf:blk.2.ssm_a,                      torch.bfloat16 --> F32, shape = {48}
INFO:hf-to-gguf:blk.2.ssm_conv1d.weight,          torch.bfloat16 --> F32, shape = {4, 10240}
INFO:hf-to-gguf:blk.2.ssm_dt.bias,                torch.bfloat16 --> F32, shape = {48}
INFO:hf-to-gguf:blk.2.ssm_alpha.weight,           torch.bfloat16 --> Q8_0, shape = {2560, 48}
INFO:hf-to-gguf:blk.2.ssm_beta.weight,            torch.bfloat16 --> Q8_0, shape = {2560, 48}
INFO:hf-to-gguf:blk.2.attn_qkv.weight,            torch.bfloat16 --> Q8_0, shape = {2560, 10240}
INFO:hf-to-gguf:blk.2.attn_gate.weight,           torch.bfloat16 --> Q8_0, shape = {2560, 6144}
INFO:hf-to-gguf:blk.2.ssm_norm.weight,            torch.bfloat16 --> F32, shape = {128}
INFO:hf-to-gguf:blk.2.ssm_out.weight,             torch.bfloat16 --> Q8_0, shape = {6144, 2560}
INFO:hf-to-gguf:blk.48.hc_attn_up.weight,         torch.bfloat16 --> F16, shape = {320, 10240}
INFO:hf-to-gguf:blk.2.ffn_gate_exps.weight,       torch.bfloat16 --> Q4_K, shape = {2560, 640, 512}
INFO:hf-to-gguf:blk.2.ffn_up_exps.weight,         torch.bfloat16 --> Q4_K, shape = {2560, 640, 512}
INFO:hf-to-gguf:blk.2.ffn_down_exps.weight,       torch.bfloat16 --> Q8_0, shape = {640, 2560, 512}
INFO:hf-to-gguf:blk.2.ffn_gate_inp.weight,        torch.bfloat16 --> F32, shape = {2560, 512}
INFO:hf-to-gguf:blk.2.ffn_down_shexp.weight,      torch.bfloat16 --> Q8_0, shape = {640, 2560}
INFO:hf-to-gguf:blk.2.ffn_gate_shexp.weight,      torch.bfloat16 --> Q8_0, shape = {2560, 640}
INFO:hf-to-gguf:blk.2.ffn_up_shexp.weight,        torch.bfloat16 --> Q8_0, shape = {2560, 640}
INFO:hf-to-gguf:blk.2.ffn_gate_inp_shexp.weight,  torch.bfloat16 --> F32, shape = {2560, 1}
INFO:hf-to-gguf:blk.2.hc_ffn_inject.weight,       torch.bfloat16 --> F16, shape = {10240, 4}
INFO:hf-to-gguf:blk.2.hc_ffn_norm.weight,         torch.bfloat16 --> F32, shape = {10240}
INFO:hf-to-gguf:blk.2.hc_ffn_down.weight,         torch.bfloat16 --> F16, shape = {10240, 320}
INFO:hf-to-gguf:blk.2.hc_ffn_up.weight,           torch.bfloat16 --> F16, shape = {320, 10240}
INFO:hf-to-gguf:blk.20.hc_attn_inject.weight,     torch.bfloat16 --> F16, shape = {10240, 4}
INFO:hf-to-gguf:blk.20.hc_attn_norm.weight,       torch.bfloat16 --> F32, shape = {10240}
INFO:hf-to-gguf:blk.20.hc_attn_down.weight,       torch.bfloat16 --> F16, shape = {10240, 320}
INFO:hf-to-gguf:blk.20.hc_attn_up.weight,         torch.bfloat16 --> F16, shape = {320, 10240}
INFO:hf-to-gguf:blk.20.ssm_a,                     torch.bfloat16 --> F32, shape = {48}
INFO:hf-to-gguf:blk.20.ssm_conv1d.weight,         torch.bfloat16 --> F32, shape = {4, 10240}
INFO:hf-to-gguf:blk.20.ssm_dt.bias,               torch.bfloat16 --> F32, shape = {48}
INFO:hf-to-gguf:blk.20.ssm_alpha.weight,          torch.bfloat16 --> Q8_0, shape = {2560, 48}
INFO:hf-to-gguf:blk.20.ssm_beta.weight,           torch.bfloat16 --> Q8_0, shape = {2560, 48}
INFO:hf-to-gguf:blk.20.attn_qkv.weight,           torch.bfloat16 --> Q8_0, shape = {2560, 10240}
INFO:hf-to-gguf:blk.20.attn_gate.weight,          torch.bfloat16 --> Q8_0, shape = {2560, 6144}
INFO:hf-to-gguf:blk.20.ssm_norm.weight,           torch.bfloat16 --> F32, shape = {128}
INFO:hf-to-gguf:blk.20.ssm_out.weight,            torch.bfloat16 --> Q8_0, shape = {6144, 2560}
INFO:hf-to-gguf:blk.48.ffn_gate_exps.weight,      torch.bfloat16 --> Q4_K, shape = {2560, 640, 512}
INFO:hf-to-gguf:blk.48.ffn_up_exps.weight,        torch.bfloat16 --> Q4_K, shape = {2560, 640, 512}
INFO:hf-to-gguf:blk.20.ffn_gate_exps.weight,      torch.bfloat16 --> Q4_K, shape = {2560, 640, 512}
INFO:hf-to-gguf:blk.20.ffn_up_exps.weight,        torch.bfloat16 --> Q4_K, shape = {2560, 640, 512}
INFO:hf-to-gguf:blk.20.ffn_down_exps.weight,      torch.bfloat16 --> Q8_0, shape = {640, 2560, 512}
INFO:hf-to-gguf:blk.20.ffn_gate_inp.weight,       torch.bfloat16 --> F32, shape = {2560, 512}
INFO:hf-to-gguf:blk.20.ffn_down_shexp.weight,     torch.bfloat16 --> Q8_0, shape = {640, 2560}
INFO:hf-to-gguf:blk.20.ffn_gate_shexp.weight,     torch.bfloat16 --> Q8_0, shape = {2560, 640}
INFO:hf-to-gguf:blk.20.ffn_up_shexp.weight,       torch.bfloat16 --> Q8_0, shape = {2560, 640}
INFO:hf-to-gguf:blk.20.ffn_gate_inp_shexp.weight, torch.bfloat16 --> F32, shape = {2560, 1}
INFO:hf-to-gguf:blk.20.hc_ffn_inject.weight,      torch.bfloat16 --> F16, shape = {10240, 4}
INFO:hf-to-gguf:blk.20.hc_ffn_norm.weight,        torch.bfloat16 --> F32, shape = {10240}
INFO:hf-to-gguf:blk.20.hc_ffn_down.weight,        torch.bfloat16 --> F16, shape = {10240, 320}
INFO:hf-to-gguf:blk.20.hc_ffn_up.weight,          torch.bfloat16 --> F16, shape = {320, 10240}
INFO:hf-to-gguf:blk.21.hc_attn_inject.weight,     torch.bfloat16 --> F16, shape = {10240, 4}
INFO:hf-to-gguf:blk.21.hc_attn_norm.weight,       torch.bfloat16 --> F32, shape = {10240}
INFO:hf-to-gguf:blk.21.hc_attn_down.weight,       torch.bfloat16 --> F16, shape = {10240, 320}
INFO:hf-to-gguf:blk.21.hc_attn_up.weight,         torch.bfloat16 --> F16, shape = {320, 10240}
INFO:hf-to-gguf:blk.21.ssm_a,                     torch.bfloat16 --> F32, shape = {48}
INFO:hf-to-gguf:blk.21.ssm_conv1d.weight,         torch.bfloat16 --> F32, shape = {4, 10240}
INFO:hf-to-gguf:blk.21.ssm_dt.bias,               torch.bfloat16 --> F32, shape = {48}
INFO:hf-to-gguf:blk.21.ssm_alpha.weight,          torch.bfloat16 --> Q8_0, shape = {2560, 48}
INFO:hf-to-gguf:blk.21.ssm_beta.weight,           torch.bfloat16 --> Q8_0, shape = {2560, 48}
INFO:hf-to-gguf:blk.21.attn_qkv.weight,           torch.bfloat16 --> Q8_0, shape = {2560, 10240}
INFO:hf-to-gguf:blk.21.attn_gate.weight,          torch.bfloat16 --> Q8_0, shape = {2560, 6144}
INFO:hf-to-gguf:blk.21.ssm_norm.weight,           torch.bfloat16 --> F32, shape = {128}
INFO:hf-to-gguf:blk.21.ssm_out.weight,            torch.bfloat16 --> Q8_0, shape = {6144, 2560}
INFO:hf-to-gguf:blk.48.ffn_down_exps.weight,      torch.bfloat16 --> Q8_0, shape = {640, 2560, 512}
INFO:hf-to-gguf:blk.21.ffn_gate_exps.weight,      torch.bfloat16 --> Q4_K, shape = {2560, 640, 512}
INFO:hf-to-gguf:blk.21.ffn_up_exps.weight,        torch.bfloat16 --> Q4_K, shape = {2560, 640, 512}
INFO:hf-to-gguf:blk.21.ffn_down_exps.weight,      torch.bfloat16 --> Q8_0, shape = {640, 2560, 512}
INFO:hf-to-gguf:blk.21.ffn_gate_inp.weight,       torch.bfloat16 --> F32, shape = {2560, 512}
INFO:hf-to-gguf:blk.21.ffn_down_shexp.weight,     torch.bfloat16 --> Q8_0, shape = {640, 2560}
INFO:hf-to-gguf:blk.21.ffn_gate_shexp.weight,     torch.bfloat16 --> Q8_0, shape = {2560, 640}
INFO:hf-to-gguf:blk.21.ffn_up_shexp.weight,       torch.bfloat16 --> Q8_0, shape = {2560, 640}
INFO:hf-to-gguf:blk.21.ffn_gate_inp_shexp.weight, torch.bfloat16 --> F32, shape = {2560, 1}
INFO:hf-to-gguf:blk.21.hc_ffn_inject.weight,      torch.bfloat16 --> F16, shape = {10240, 4}
INFO:hf-to-gguf:blk.21.hc_ffn_norm.weight,        torch.bfloat16 --> F32, shape = {10240}
INFO:hf-to-gguf:blk.21.hc_ffn_down.weight,        torch.bfloat16 --> F16, shape = {10240, 320}
INFO:hf-to-gguf:blk.21.hc_ffn_up.weight,          torch.bfloat16 --> F16, shape = {320, 10240}
INFO:hf-to-gguf:blk.22.hc_attn_inject.weight,     torch.bfloat16 --> F16, shape = {10240, 4}
INFO:hf-to-gguf:blk.22.hc_attn_norm.weight,       torch.bfloat16 --> F32, shape = {10240}
INFO:hf-to-gguf:blk.22.hc_attn_down.weight,       torch.bfloat16 --> F16, shape = {10240, 320}
INFO:hf-to-gguf:blk.22.hc_attn_up.weight,         torch.bfloat16 --> F16, shape = {320, 10240}
INFO:hf-to-gguf:blk.22.ssm_a,                     torch.bfloat16 --> F32, shape = {48}
INFO:hf-to-gguf:blk.22.ssm_conv1d.weight,         torch.bfloat16 --> F32, shape = {4, 10240}
INFO:hf-to-gguf:blk.22.ssm_dt.bias,               torch.bfloat16 --> F32, shape = {48}
INFO:hf-to-gguf:blk.22.ssm_alpha.weight,          torch.bfloat16 --> Q8_0, shape = {2560, 48}
INFO:hf-to-gguf:blk.22.ssm_beta.weight,           torch.bfloat16 --> Q8_0, shape = {2560, 48}
INFO:hf-to-gguf:blk.22.attn_qkv.weight,           torch.bfloat16 --> Q8_0, shape = {2560, 10240}
INFO:hf-to-gguf:blk.22.attn_gate.weight,          torch.bfloat16 --> Q8_0, shape = {2560, 6144}
INFO:hf-to-gguf:blk.22.ssm_norm.weight,           torch.bfloat16 --> F32, shape = {128}
INFO:hf-to-gguf:blk.22.ssm_out.weight,            torch.bfloat16 --> Q8_0, shape = {6144, 2560}
INFO:hf-to-gguf:blk.22.ffn_gate_exps.weight,      torch.bfloat16 --> Q4_K, shape = {2560, 640, 512}
INFO:hf-to-gguf:blk.22.ffn_up_exps.weight,        torch.bfloat16 --> Q4_K, shape = {2560, 640, 512}
INFO:hf-to-gguf:blk.22.ffn_down_exps.weight,      torch.bfloat16 --> Q8_0, shape = {640, 2560, 512}
INFO:hf-to-gguf:blk.22.ffn_gate_inp.weight,       torch.bfloat16 --> F32, shape = {2560, 512}
INFO:hf-to-gguf:blk.22.ffn_down_shexp.weight,     torch.bfloat16 --> Q8_0, shape = {640, 2560}
INFO:hf-to-gguf:blk.22.ffn_gate_shexp.weight,     torch.bfloat16 --> Q8_0, shape = {2560, 640}
INFO:hf-to-gguf:blk.22.ffn_up_shexp.weight,       torch.bfloat16 --> Q8_0, shape = {2560, 640}
INFO:hf-to-gguf:blk.22.ffn_gate_inp_shexp.weight, torch.bfloat16 --> F32, shape = {2560, 1}
INFO:hf-to-gguf:blk.22.hc_ffn_inject.weight,      torch.bfloat16 --> F16, shape = {10240, 4}
INFO:hf-to-gguf:blk.22.hc_ffn_norm.weight,        torch.bfloat16 --> F32, shape = {10240}
INFO:hf-to-gguf:blk.22.hc_ffn_down.weight,        torch.bfloat16 --> F16, shape = {10240, 320}
INFO:hf-to-gguf:blk.22.hc_ffn_up.weight,          torch.bfloat16 --> F16, shape = {320, 10240}
INFO:hf-to-gguf:blk.23.hc_attn_inject.weight,     torch.bfloat16 --> F16, shape = {10240, 4}
INFO:hf-to-gguf:blk.23.hc_attn_norm.weight,       torch.bfloat16 --> F32, shape = {10240}
INFO:hf-to-gguf:blk.23.hc_attn_down.weight,       torch.bfloat16 --> F16, shape = {10240, 320}
INFO:hf-to-gguf:blk.23.hc_attn_up.weight,         torch.bfloat16 --> F16, shape = {320, 10240}
INFO:hf-to-gguf:blk.48.ffn_gate_inp.weight,       torch.bfloat16 --> F32, shape = {2560, 512}
INFO:hf-to-gguf:blk.23.ffn_gate_exps.weight,      torch.bfloat16 --> Q4_K, shape = {2560, 640, 512}
INFO:hf-to-gguf:blk.23.ffn_up_exps.weight,        torch.bfloat16 --> Q4_K, shape = {2560, 640, 512}
INFO:hf-to-gguf:blk.23.ffn_down_exps.weight,      torch.bfloat16 --> Q8_0, shape = {640, 2560, 512}
INFO:hf-to-gguf:blk.23.ffn_gate_inp.weight,       torch.bfloat16 --> F32, shape = {2560, 512}
INFO:hf-to-gguf:blk.23.ffn_down_shexp.weight,     torch.bfloat16 --> Q8_0, shape = {640, 2560}
INFO:hf-to-gguf:blk.23.ffn_gate_shexp.weight,     torch.bfloat16 --> Q8_0, shape = {2560, 640}
INFO:hf-to-gguf:blk.23.ffn_up_shexp.weight,       torch.bfloat16 --> Q8_0, shape = {2560, 640}
INFO:hf-to-gguf:blk.23.ffn_gate_inp_shexp.weight, torch.bfloat16 --> F32, shape = {2560, 1}
INFO:hf-to-gguf:blk.23.hc_ffn_inject.weight,      torch.bfloat16 --> F16, shape = {10240, 4}
INFO:hf-to-gguf:blk.23.hc_ffn_norm.weight,        torch.bfloat16 --> F32, shape = {10240}
INFO:hf-to-gguf:blk.23.hc_ffn_down.weight,        torch.bfloat16 --> F16, shape = {10240, 320}
INFO:hf-to-gguf:blk.23.hc_ffn_up.weight,          torch.bfloat16 --> F16, shape = {320, 10240}
INFO:hf-to-gguf:blk.23.indexer.q_proj.weight,     torch.bfloat16 --> BF16, shape = {2560, 512}
INFO:hf-to-gguf:blk.23.indexer.k_proj.weight,     torch.bfloat16 --> BF16, shape = {2560, 128}
INFO:hf-to-gguf:blk.23.indexer.k_norm.weight,     torch.bfloat16 --> F32, shape = {128}
INFO:hf-to-gguf:blk.23.indexer.q_norm.weight,     torch.bfloat16 --> F32, shape = {128}
INFO:hf-to-gguf:blk.23.attn_k_norm.weight,        torch.bfloat16 --> F32, shape = {256}
INFO:hf-to-gguf:blk.23.attn_k.weight,             torch.bfloat16 --> Q8_0, shape = {2560, 512}
INFO:hf-to-gguf:blk.23.attn_output.weight,        torch.bfloat16 --> Q8_0, shape = {6144, 2560}
INFO:hf-to-gguf:blk.23.attn_q_norm.weight,        torch.bfloat16 --> F32, shape = {256}
INFO:hf-to-gguf:blk.23.attn_q.weight,             torch.bfloat16 --> Q8_0, shape = {2560, 12288}
INFO:hf-to-gguf:blk.23.attn_v.weight,             torch.bfloat16 --> Q8_0, shape = {2560, 512}
INFO:hf-to-gguf:blk.24.hc_attn_inject.weight,     torch.bfloat16 --> F16, shape = {10240, 4}
INFO:hf-to-gguf:blk.24.hc_attn_norm.weight,       torch.bfloat16 --> F32, shape = {10240}
INFO:hf-to-gguf:blk.24.hc_attn_down.weight,       torch.bfloat16 --> F16, shape = {10240, 320}
INFO:hf-to-gguf:blk.24.hc_attn_up.weight,         torch.bfloat16 --> F16, shape = {320, 10240}
INFO:hf-to-gguf:blk.24.ssm_a,                     torch.bfloat16 --> F32, shape = {48}
INFO:hf-to-gguf:blk.24.ssm_conv1d.weight,         torch.bfloat16 --> F32, shape = {4, 10240}
INFO:hf-to-gguf:blk.24.ssm_dt.bias,               torch.bfloat16 --> F32, shape = {48}
INFO:hf-to-gguf:blk.24.ssm_alpha.weight,          torch.bfloat16 --> Q8_0, shape = {2560, 48}
INFO:hf-to-gguf:blk.24.ssm_beta.weight,           torch.bfloat16 --> Q8_0, shape = {2560, 48}
INFO:hf-to-gguf:blk.24.attn_qkv.weight,           torch.bfloat16 --> Q8_0, shape = {2560, 10240}
INFO:hf-to-gguf:blk.24.attn_gate.weight,          torch.bfloat16 --> Q8_0, shape = {2560, 6144}
INFO:hf-to-gguf:blk.24.ssm_norm.weight,           torch.bfloat16 --> F32, shape = {128}
INFO:hf-to-gguf:blk.24.ssm_out.weight,            torch.bfloat16 --> Q8_0, shape = {6144, 2560}
INFO:hf-to-gguf:blk.24.ffn_gate_exps.weight,      torch.bfloat16 --> Q4_K, shape = {2560, 640, 512}
INFO:hf-to-gguf:blk.24.ffn_up_exps.weight,        torch.bfloat16 --> Q4_K, shape = {2560, 640, 512}
INFO:hf-to-gguf:blk.24.ffn_down_exps.weight,      torch.bfloat16 --> Q8_0, shape = {640, 2560, 512}
INFO:hf-to-gguf:blk.24.ffn_gate_inp.weight,       torch.bfloat16 --> F32, shape = {2560, 512}
INFO:hf-to-gguf:blk.24.ffn_down_shexp.weight,     torch.bfloat16 --> Q8_0, shape = {640, 2560}
INFO:hf-to-gguf:blk.24.ffn_gate_shexp.weight,     torch.bfloat16 --> Q8_0, shape = {2560, 640}
INFO:hf-to-gguf:blk.24.ffn_up_shexp.weight,       torch.bfloat16 --> Q8_0, shape = {2560, 640}
INFO:hf-to-gguf:blk.24.ffn_gate_inp_shexp.weight, torch.bfloat16 --> F32, shape = {2560, 1}
INFO:hf-to-gguf:blk.24.hc_ffn_inject.weight,      torch.bfloat16 --> F16, shape = {10240, 4}
INFO:hf-to-gguf:blk.24.hc_ffn_norm.weight,        torch.bfloat16 --> F32, shape = {10240}
INFO:hf-to-gguf:blk.24.hc_ffn_down.weight,        torch.bfloat16 --> F16, shape = {10240, 320}
INFO:hf-to-gguf:blk.24.hc_ffn_up.weight,          torch.bfloat16 --> F16, shape = {320, 10240}
INFO:hf-to-gguf:blk.25.hc_attn_inject.weight,     torch.bfloat16 --> F16, shape = {10240, 4}
INFO:hf-to-gguf:blk.25.hc_attn_norm.weight,       torch.bfloat16 --> F32, shape = {10240}
INFO:hf-to-gguf:blk.25.hc_attn_down.weight,       torch.bfloat16 --> F16, shape = {10240, 320}
INFO:hf-to-gguf:blk.25.hc_attn_up.weight,         torch.bfloat16 --> F16, shape = {320, 10240}
INFO:hf-to-gguf:blk.25.ssm_a,                     torch.bfloat16 --> F32, shape = {48}
INFO:hf-to-gguf:blk.25.ssm_conv1d.weight,         torch.bfloat16 --> F32, shape = {4, 10240}
INFO:hf-to-gguf:blk.25.ssm_dt.bias,               torch.bfloat16 --> F32, shape = {48}
INFO:hf-to-gguf:blk.25.ssm_alpha.weight,          torch.bfloat16 --> Q8_0, shape = {2560, 48}
INFO:hf-to-gguf:blk.25.ssm_beta.weight,           torch.bfloat16 --> Q8_0, shape = {2560, 48}
INFO:hf-to-gguf:blk.25.attn_qkv.weight,           torch.bfloat16 --> Q8_0, shape = {2560, 10240}
INFO:hf-to-gguf:blk.25.attn_gate.weight,          torch.bfloat16 --> Q8_0, shape = {2560, 6144}
INFO:hf-to-gguf:blk.25.ssm_norm.weight,           torch.bfloat16 --> F32, shape = {128}
INFO:hf-to-gguf:blk.25.ssm_out.weight,            torch.bfloat16 --> Q8_0, shape = {6144, 2560}
INFO:hf-to-gguf:blk.48.ffn_gate_inp_shexp.weight, torch.bfloat16 --> F32, shape = {2560, 1}
INFO:hf-to-gguf:blk.25.ffn_gate_exps.weight,      torch.bfloat16 --> Q4_K, shape = {2560, 640, 512}
INFO:hf-to-gguf:blk.25.ffn_up_exps.weight,        torch.bfloat16 --> Q4_K, shape = {2560, 640, 512}
INFO:hf-to-gguf:blk.25.ffn_down_exps.weight,      torch.bfloat16 --> Q8_0, shape = {640, 2560, 512}
INFO:hf-to-gguf:blk.25.ffn_gate_inp.weight,       torch.bfloat16 --> F32, shape = {2560, 512}
INFO:hf-to-gguf:blk.25.ffn_down_shexp.weight,     torch.bfloat16 --> Q8_0, shape = {640, 2560}
INFO:hf-to-gguf:blk.25.ffn_gate_shexp.weight,     torch.bfloat16 --> Q8_0, shape = {2560, 640}
INFO:hf-to-gguf:blk.25.ffn_up_shexp.weight,       torch.bfloat16 --> Q8_0, shape = {2560, 640}
INFO:hf-to-gguf:blk.25.ffn_gate_inp_shexp.weight, torch.bfloat16 --> F32, shape = {2560, 1}
INFO:hf-to-gguf:blk.25.hc_ffn_inject.weight,      torch.bfloat16 --> F16, shape = {10240, 4}
INFO:hf-to-gguf:blk.25.hc_ffn_norm.weight,        torch.bfloat16 --> F32, shape = {10240}
INFO:hf-to-gguf:blk.25.hc_ffn_down.weight,        torch.bfloat16 --> F16, shape = {10240, 320}
INFO:hf-to-gguf:blk.25.hc_ffn_up.weight,          torch.bfloat16 --> F16, shape = {320, 10240}
INFO:hf-to-gguf:blk.26.hc_attn_inject.weight,     torch.bfloat16 --> F16, shape = {10240, 4}
INFO:hf-to-gguf:blk.26.hc_attn_norm.weight,       torch.bfloat16 --> F32, shape = {10240}
INFO:hf-to-gguf:blk.26.hc_attn_down.weight,       torch.bfloat16 --> F16, shape = {10240, 320}
INFO:hf-to-gguf:blk.26.hc_attn_up.weight,         torch.bfloat16 --> F16, shape = {320, 10240}
INFO:hf-to-gguf:blk.26.ssm_a,                     torch.bfloat16 --> F32, shape = {48}
INFO:hf-to-gguf:blk.26.ssm_conv1d.weight,         torch.bfloat16 --> F32, shape = {4, 10240}
INFO:hf-to-gguf:blk.26.ssm_dt.bias,               torch.bfloat16 --> F32, shape = {48}
INFO:hf-to-gguf:blk.26.ssm_alpha.weight,          torch.bfloat16 --> Q8_0, shape = {2560, 48}
INFO:hf-to-gguf:blk.26.ssm_beta.weight,           torch.bfloat16 --> Q8_0, shape = {2560, 48}
INFO:hf-to-gguf:blk.26.attn_qkv.weight,           torch.bfloat16 --> Q8_0, shape = {2560, 10240}
INFO:hf-to-gguf:blk.26.attn_gate.weight,          torch.bfloat16 --> Q8_0, shape = {2560, 6144}
INFO:hf-to-gguf:blk.26.ssm_norm.weight,           torch.bfloat16 --> F32, shape = {128}
INFO:hf-to-gguf:blk.26.ssm_out.weight,            torch.bfloat16 --> Q8_0, shape = {6144, 2560}
INFO:hf-to-gguf:blk.48.ffn_gate_shexp.weight,     torch.bfloat16 --> Q8_0, shape = {2560, 640}
INFO:hf-to-gguf:blk.48.ffn_up_shexp.weight,       torch.bfloat16 --> Q8_0, shape = {2560, 640}
INFO:hf-to-gguf:blk.26.ffn_gate_exps.weight,      torch.bfloat16 --> Q4_K, shape = {2560, 640, 512}
INFO:hf-to-gguf:blk.26.ffn_up_exps.weight,        torch.bfloat16 --> Q4_K, shape = {2560, 640, 512}
INFO:hf-to-gguf:blk.26.ffn_down_exps.weight,      torch.bfloat16 --> Q8_0, shape = {640, 2560, 512}
INFO:hf-to-gguf:blk.26.ffn_gate_inp.weight,       torch.bfloat16 --> F32, shape = {2560, 512}
INFO:hf-to-gguf:blk.26.ffn_down_shexp.weight,     torch.bfloat16 --> Q8_0, shape = {640, 2560}
INFO:hf-to-gguf:blk.26.ffn_gate_shexp.weight,     torch.bfloat16 --> Q8_0, shape = {2560, 640}
INFO:hf-to-gguf:blk.26.ffn_up_shexp.weight,       torch.bfloat16 --> Q8_0, shape = {2560, 640}
INFO:hf-to-gguf:blk.26.ffn_gate_inp_shexp.weight, torch.bfloat16 --> F32, shape = {2560, 1}
INFO:hf-to-gguf:blk.26.hc_ffn_inject.weight,      torch.bfloat16 --> F16, shape = {10240, 4}
INFO:hf-to-gguf:blk.26.hc_ffn_norm.weight,        torch.bfloat16 --> F32, shape = {10240}
INFO:hf-to-gguf:blk.26.hc_ffn_down.weight,        torch.bfloat16 --> F16, shape = {10240, 320}
INFO:hf-to-gguf:blk.26.hc_ffn_up.weight,          torch.bfloat16 --> F16, shape = {320, 10240}
INFO:hf-to-gguf:blk.27.hc_attn_inject.weight,     torch.bfloat16 --> F16, shape = {10240, 4}
INFO:hf-to-gguf:blk.27.hc_attn_norm.weight,       torch.bfloat16 --> F32, shape = {10240}
INFO:hf-to-gguf:blk.27.hc_attn_down.weight,       torch.bfloat16 --> F16, shape = {10240, 320}
INFO:hf-to-gguf:blk.27.hc_attn_up.weight,         torch.bfloat16 --> F16, shape = {320, 10240}
INFO:hf-to-gguf:blk.27.ffn_gate_exps.weight,      torch.bfloat16 --> Q4_K, shape = {2560, 640, 512}
INFO:hf-to-gguf:blk.27.ffn_up_exps.weight,        torch.bfloat16 --> Q4_K, shape = {2560, 640, 512}
INFO:hf-to-gguf:blk.27.ffn_down_exps.weight,      torch.bfloat16 --> Q8_0, shape = {640, 2560, 512}
INFO:hf-to-gguf:blk.27.ffn_gate_inp.weight,       torch.bfloat16 --> F32, shape = {2560, 512}
INFO:hf-to-gguf:blk.27.ffn_down_shexp.weight,     torch.bfloat16 --> Q8_0, shape = {640, 2560}
INFO:hf-to-gguf:blk.27.ffn_gate_shexp.weight,     torch.bfloat16 --> Q8_0, shape = {2560, 640}
INFO:hf-to-gguf:blk.27.ffn_up_shexp.weight,       torch.bfloat16 --> Q8_0, shape = {2560, 640}
INFO:hf-to-gguf:blk.27.ffn_gate_inp_shexp.weight, torch.bfloat16 --> F32, shape = {2560, 1}
INFO:hf-to-gguf:blk.27.hc_ffn_inject.weight,      torch.bfloat16 --> F16, shape = {10240, 4}
INFO:hf-to-gguf:blk.27.hc_ffn_norm.weight,        torch.bfloat16 --> F32, shape = {10240}
INFO:hf-to-gguf:blk.27.hc_ffn_down.weight,        torch.bfloat16 --> F16, shape = {10240, 320}
INFO:hf-to-gguf:blk.27.hc_ffn_up.weight,          torch.bfloat16 --> F16, shape = {320, 10240}
INFO:hf-to-gguf:blk.27.indexer.q_proj.weight,     torch.bfloat16 --> BF16, shape = {2560, 512}
INFO:hf-to-gguf:blk.27.indexer.k_proj.weight,     torch.bfloat16 --> BF16, shape = {2560, 128}
INFO:hf-to-gguf:blk.27.indexer.k_norm.weight,     torch.bfloat16 --> F32, shape = {128}
INFO:hf-to-gguf:blk.27.indexer.q_norm.weight,     torch.bfloat16 --> F32, shape = {128}
INFO:hf-to-gguf:blk.27.attn_k_norm.weight,        torch.bfloat16 --> F32, shape = {256}
INFO:hf-to-gguf:blk.27.attn_k.weight,             torch.bfloat16 --> Q8_0, shape = {2560, 512}
INFO:hf-to-gguf:blk.27.attn_output.weight,        torch.bfloat16 --> Q8_0, shape = {6144, 2560}
INFO:hf-to-gguf:blk.27.attn_q_norm.weight,        torch.bfloat16 --> F32, shape = {256}
INFO:hf-to-gguf:blk.27.attn_q.weight,             torch.bfloat16 --> Q8_0, shape = {2560, 12288}
INFO:hf-to-gguf:blk.27.attn_v.weight,             torch.bfloat16 --> Q8_0, shape = {2560, 512}
INFO:hf-to-gguf:blk.28.hc_attn_inject.weight,     torch.bfloat16 --> F16, shape = {10240, 4}
INFO:hf-to-gguf:blk.28.hc_attn_norm.weight,       torch.bfloat16 --> F32, shape = {10240}
INFO:hf-to-gguf:blk.28.hc_attn_down.weight,       torch.bfloat16 --> F16, shape = {10240, 320}
INFO:hf-to-gguf:blk.28.hc_attn_up.weight,         torch.bfloat16 --> F16, shape = {320, 10240}
INFO:hf-to-gguf:blk.28.ssm_a,                     torch.bfloat16 --> F32, shape = {48}
INFO:hf-to-gguf:blk.28.ssm_conv1d.weight,         torch.bfloat16 --> F32, shape = {4, 10240}
INFO:hf-to-gguf:blk.28.ssm_dt.bias,               torch.bfloat16 --> F32, shape = {48}
INFO:hf-to-gguf:blk.28.ssm_alpha.weight,          torch.bfloat16 --> Q8_0, shape = {2560, 48}
INFO:hf-to-gguf:blk.28.ssm_beta.weight,           torch.bfloat16 --> Q8_0, shape = {2560, 48}
INFO:hf-to-gguf:blk.28.attn_qkv.weight,           torch.bfloat16 --> Q8_0, shape = {2560, 10240}
INFO:hf-to-gguf:blk.28.attn_gate.weight,          torch.bfloat16 --> Q8_0, shape = {2560, 6144}
INFO:hf-to-gguf:blk.28.ssm_norm.weight,           torch.bfloat16 --> F32, shape = {128}
INFO:hf-to-gguf:blk.28.ssm_out.weight,            torch.bfloat16 --> Q8_0, shape = {6144, 2560}
INFO:hf-to-gguf:blk.48.ffn_down_shexp.weight,     torch.bfloat16 --> Q8_0, shape = {640, 2560}
INFO:hf-to-gguf:blk.28.ffn_gate_exps.weight,      torch.bfloat16 --> Q4_K, shape = {2560, 640, 512}
INFO:hf-to-gguf:blk.28.ffn_up_exps.weight,        torch.bfloat16 --> Q4_K, shape = {2560, 640, 512}
INFO:hf-to-gguf:blk.28.ffn_down_exps.weight,      torch.bfloat16 --> Q8_0, shape = {640, 2560, 512}
INFO:hf-to-gguf:blk.28.ffn_gate_inp.weight,       torch.bfloat16 --> F32, shape = {2560, 512}
INFO:hf-to-gguf:blk.28.ffn_down_shexp.weight,     torch.bfloat16 --> Q8_0, shape = {640, 2560}
INFO:hf-to-gguf:blk.28.ffn_gate_shexp.weight,     torch.bfloat16 --> Q8_0, shape = {2560, 640}
INFO:hf-to-gguf:blk.28.ffn_up_shexp.weight,       torch.bfloat16 --> Q8_0, shape = {2560, 640}
INFO:hf-to-gguf:blk.28.ffn_gate_inp_shexp.weight, torch.bfloat16 --> F32, shape = {2560, 1}
INFO:hf-to-gguf:blk.28.hc_ffn_inject.weight,      torch.bfloat16 --> F16, shape = {10240, 4}
INFO:hf-to-gguf:blk.28.hc_ffn_norm.weight,        torch.bfloat16 --> F32, shape = {10240}
INFO:hf-to-gguf:blk.28.hc_ffn_down.weight,        torch.bfloat16 --> F16, shape = {10240, 320}
INFO:hf-to-gguf:blk.28.hc_ffn_up.weight,          torch.bfloat16 --> F16, shape = {320, 10240}
INFO:hf-to-gguf:blk.29.hc_attn_inject.weight,     torch.bfloat16 --> F16, shape = {10240, 4}
INFO:hf-to-gguf:blk.29.hc_attn_norm.weight,       torch.bfloat16 --> F32, shape = {10240}
INFO:hf-to-gguf:blk.29.hc_attn_down.weight,       torch.bfloat16 --> F16, shape = {10240, 320}
INFO:hf-to-gguf:blk.29.hc_attn_up.weight,         torch.bfloat16 --> F16, shape = {320, 10240}
INFO:hf-to-gguf:blk.29.ssm_a,                     torch.bfloat16 --> F32, shape = {48}
INFO:hf-to-gguf:blk.29.ssm_conv1d.weight,         torch.bfloat16 --> F32, shape = {4, 10240}
INFO:hf-to-gguf:blk.29.ssm_dt.bias,               torch.bfloat16 --> F32, shape = {48}
INFO:hf-to-gguf:blk.29.ssm_alpha.weight,          torch.bfloat16 --> Q8_0, shape = {2560, 48}
INFO:hf-to-gguf:blk.29.ssm_beta.weight,           torch.bfloat16 --> Q8_0, shape = {2560, 48}
INFO:hf-to-gguf:blk.29.attn_qkv.weight,           torch.bfloat16 --> Q8_0, shape = {2560, 10240}
INFO:hf-to-gguf:blk.29.attn_gate.weight,          torch.bfloat16 --> Q8_0, shape = {2560, 6144}
INFO:hf-to-gguf:blk.29.ssm_norm.weight,           torch.bfloat16 --> F32, shape = {128}
INFO:hf-to-gguf:blk.29.ssm_out.weight,            torch.bfloat16 --> Q8_0, shape = {6144, 2560}
INFO:hf-to-gguf:blk.48.hc_ffn_inject.weight,      torch.bfloat16 --> F16, shape = {10240, 4}
INFO:hf-to-gguf:blk.29.ffn_gate_exps.weight,      torch.bfloat16 --> Q4_K, shape = {2560, 640, 512}
INFO:hf-to-gguf:blk.29.ffn_up_exps.weight,        torch.bfloat16 --> Q4_K, shape = {2560, 640, 512}
INFO:hf-to-gguf:blk.29.ffn_down_exps.weight,      torch.bfloat16 --> Q8_0, shape = {640, 2560, 512}
INFO:hf-to-gguf:blk.29.ffn_gate_inp.weight,       torch.bfloat16 --> F32, shape = {2560, 512}
INFO:hf-to-gguf:blk.29.ffn_down_shexp.weight,     torch.bfloat16 --> Q8_0, shape = {640, 2560}
INFO:hf-to-gguf:blk.29.ffn_gate_shexp.weight,     torch.bfloat16 --> Q8_0, shape = {2560, 640}
INFO:hf-to-gguf:blk.29.ffn_up_shexp.weight,       torch.bfloat16 --> Q8_0, shape = {2560, 640}
INFO:hf-to-gguf:blk.29.ffn_gate_inp_shexp.weight, torch.bfloat16 --> F32, shape = {2560, 1}
INFO:hf-to-gguf:blk.29.hc_ffn_inject.weight,      torch.bfloat16 --> F16, shape = {10240, 4}
INFO:hf-to-gguf:blk.29.hc_ffn_norm.weight,        torch.bfloat16 --> F32, shape = {10240}
INFO:hf-to-gguf:blk.29.hc_ffn_down.weight,        torch.bfloat16 --> F16, shape = {10240, 320}
INFO:hf-to-gguf:blk.29.hc_ffn_up.weight,          torch.bfloat16 --> F16, shape = {320, 10240}
INFO:hf-to-gguf:blk.3.hc_attn_inject.weight,      torch.bfloat16 --> F16, shape = {10240, 4}
INFO:hf-to-gguf:blk.3.hc_attn_norm.weight,        torch.bfloat16 --> F32, shape = {10240}
INFO:hf-to-gguf:blk.3.hc_attn_down.weight,        torch.bfloat16 --> F16, shape = {10240, 320}
INFO:hf-to-gguf:blk.3.hc_attn_up.weight,          torch.bfloat16 --> F16, shape = {320, 10240}
INFO:hf-to-gguf:blk.3.ffn_gate_exps.weight,       torch.bfloat16 --> Q4_K, shape = {2560, 640, 512}
INFO:hf-to-gguf:blk.3.ffn_up_exps.weight,         torch.bfloat16 --> Q4_K, shape = {2560, 640, 512}
INFO:hf-to-gguf:blk.3.ffn_down_exps.weight,       torch.bfloat16 --> Q8_0, shape = {640, 2560, 512}
INFO:hf-to-gguf:blk.3.ffn_gate_inp.weight,        torch.bfloat16 --> F32, shape = {2560, 512}
INFO:hf-to-gguf:blk.3.ffn_down_shexp.weight,      torch.bfloat16 --> Q8_0, shape = {640, 2560}
INFO:hf-to-gguf:blk.3.ffn_gate_shexp.weight,      torch.bfloat16 --> Q8_0, shape = {2560, 640}
INFO:hf-to-gguf:blk.3.ffn_up_shexp.weight,        torch.bfloat16 --> Q8_0, shape = {2560, 640}
INFO:hf-to-gguf:blk.3.ffn_gate_inp_shexp.weight,  torch.bfloat16 --> F32, shape = {2560, 1}
INFO:hf-to-gguf:blk.3.hc_ffn_inject.weight,       torch.bfloat16 --> F16, shape = {10240, 4}
INFO:hf-to-gguf:blk.3.hc_ffn_norm.weight,         torch.bfloat16 --> F32, shape = {10240}
INFO:hf-to-gguf:blk.3.hc_ffn_down.weight,         torch.bfloat16 --> F16, shape = {10240, 320}
INFO:hf-to-gguf:blk.3.hc_ffn_up.weight,           torch.bfloat16 --> F16, shape = {320, 10240}
INFO:hf-to-gguf:blk.3.indexer.q_proj.weight,      torch.bfloat16 --> BF16, shape = {2560, 512}
INFO:hf-to-gguf:blk.3.indexer.k_proj.weight,      torch.bfloat16 --> BF16, shape = {2560, 128}
INFO:hf-to-gguf:blk.3.indexer.k_norm.weight,      torch.bfloat16 --> F32, shape = {128}
INFO:hf-to-gguf:blk.3.indexer.q_norm.weight,      torch.bfloat16 --> F32, shape = {128}
INFO:hf-to-gguf:blk.3.attn_k_norm.weight,         torch.bfloat16 --> F32, shape = {256}
INFO:hf-to-gguf:blk.3.attn_k.weight,              torch.bfloat16 --> Q8_0, shape = {2560, 512}
INFO:hf-to-gguf:blk.3.attn_output.weight,         torch.bfloat16 --> Q8_0, shape = {6144, 2560}
INFO:hf-to-gguf:blk.3.attn_q_norm.weight,         torch.bfloat16 --> F32, shape = {256}
INFO:hf-to-gguf:blk.3.attn_q.weight,              torch.bfloat16 --> Q8_0, shape = {2560, 12288}
INFO:hf-to-gguf:blk.3.attn_v.weight,              torch.bfloat16 --> Q8_0, shape = {2560, 512}
INFO:hf-to-gguf:blk.30.hc_attn_inject.weight,     torch.bfloat16 --> F16, shape = {10240, 4}
INFO:hf-to-gguf:blk.30.hc_attn_norm.weight,       torch.bfloat16 --> F32, shape = {10240}
INFO:hf-to-gguf:blk.30.hc_attn_down.weight,       torch.bfloat16 --> F16, shape = {10240, 320}
INFO:hf-to-gguf:blk.30.hc_attn_up.weight,         torch.bfloat16 --> F16, shape = {320, 10240}
INFO:hf-to-gguf:blk.30.ssm_a,                     torch.bfloat16 --> F32, shape = {48}
INFO:hf-to-gguf:blk.30.ssm_conv1d.weight,         torch.bfloat16 --> F32, shape = {4, 10240}
INFO:hf-to-gguf:blk.30.ssm_dt.bias,               torch.bfloat16 --> F32, shape = {48}
INFO:hf-to-gguf:blk.30.ssm_alpha.weight,          torch.bfloat16 --> Q8_0, shape = {2560, 48}
INFO:hf-to-gguf:blk.30.ssm_beta.weight,           torch.bfloat16 --> Q8_0, shape = {2560, 48}
INFO:hf-to-gguf:blk.30.attn_qkv.weight,           torch.bfloat16 --> Q8_0, shape = {2560, 10240}
INFO:hf-to-gguf:blk.30.attn_gate.weight,          torch.bfloat16 --> Q8_0, shape = {2560, 6144}
INFO:hf-to-gguf:blk.30.ssm_norm.weight,           torch.bfloat16 --> F32, shape = {128}
INFO:hf-to-gguf:blk.30.ssm_out.weight,            torch.bfloat16 --> Q8_0, shape = {6144, 2560}
INFO:hf-to-gguf:blk.48.hc_ffn_norm.weight,        torch.bfloat16 --> F32, shape = {10240}
INFO:hf-to-gguf:blk.30.ffn_gate_exps.weight,      torch.bfloat16 --> Q4_K, shape = {2560, 640, 512}
INFO:hf-to-gguf:blk.30.ffn_up_exps.weight,        torch.bfloat16 --> Q4_K, shape = {2560, 640, 512}
INFO:hf-to-gguf:blk.30.ffn_down_exps.weight,      torch.bfloat16 --> Q8_0, shape = {640, 2560, 512}
INFO:hf-to-gguf:blk.30.ffn_gate_inp.weight,       torch.bfloat16 --> F32, shape = {2560, 512}
INFO:hf-to-gguf:blk.30.ffn_down_shexp.weight,     torch.bfloat16 --> Q8_0, shape = {640, 2560}
INFO:hf-to-gguf:blk.30.ffn_gate_shexp.weight,     torch.bfloat16 --> Q8_0, shape = {2560, 640}
INFO:hf-to-gguf:blk.30.ffn_up_shexp.weight,       torch.bfloat16 --> Q8_0, shape = {2560, 640}
INFO:hf-to-gguf:blk.30.ffn_gate_inp_shexp.weight, torch.bfloat16 --> F32, shape = {2560, 1}
INFO:hf-to-gguf:blk.30.hc_ffn_inject.weight,      torch.bfloat16 --> F16, shape = {10240, 4}
INFO:hf-to-gguf:blk.30.hc_ffn_norm.weight,        torch.bfloat16 --> F32, shape = {10240}
INFO:hf-to-gguf:blk.30.hc_ffn_down.weight,        torch.bfloat16 --> F16, shape = {10240, 320}
INFO:hf-to-gguf:blk.30.hc_ffn_up.weight,          torch.bfloat16 --> F16, shape = {320, 10240}
INFO:hf-to-gguf:blk.31.hc_attn_inject.weight,     torch.bfloat16 --> F16, shape = {10240, 4}
INFO:hf-to-gguf:blk.31.hc_attn_norm.weight,       torch.bfloat16 --> F32, shape = {10240}
INFO:hf-to-gguf:blk.31.hc_attn_down.weight,       torch.bfloat16 --> F16, shape = {10240, 320}
INFO:hf-to-gguf:blk.31.hc_attn_up.weight,         torch.bfloat16 --> F16, shape = {320, 10240}
INFO:hf-to-gguf:blk.31.ffn_gate_exps.weight,      torch.bfloat16 --> Q4_K, shape = {2560, 640, 512}
INFO:hf-to-gguf:blk.31.ffn_up_exps.weight,        torch.bfloat16 --> Q4_K, shape = {2560, 640, 512}
INFO:hf-to-gguf:blk.31.ffn_down_exps.weight,      torch.bfloat16 --> Q8_0, shape = {640, 2560, 512}
INFO:hf-to-gguf:blk.31.ffn_gate_inp.weight,       torch.bfloat16 --> F32, shape = {2560, 512}
INFO:hf-to-gguf:blk.31.ffn_down_shexp.weight,     torch.bfloat16 --> Q8_0, shape = {640, 2560}
INFO:hf-to-gguf:blk.31.ffn_gate_shexp.weight,     torch.bfloat16 --> Q8_0, shape = {2560, 640}
INFO:hf-to-gguf:blk.31.ffn_up_shexp.weight,       torch.bfloat16 --> Q8_0, shape = {2560, 640}
INFO:hf-to-gguf:blk.31.ffn_gate_inp_shexp.weight, torch.bfloat16 --> F32, shape = {2560, 1}
INFO:hf-to-gguf:blk.31.hc_ffn_inject.weight,      torch.bfloat16 --> F16, shape = {10240, 4}
INFO:hf-to-gguf:blk.31.hc_ffn_norm.weight,        torch.bfloat16 --> F32, shape = {10240}
INFO:hf-to-gguf:blk.31.hc_ffn_down.weight,        torch.bfloat16 --> F16, shape = {10240, 320}
INFO:hf-to-gguf:blk.31.hc_ffn_up.weight,          torch.bfloat16 --> F16, shape = {320, 10240}
INFO:hf-to-gguf:blk.31.indexer.q_proj.weight,     torch.bfloat16 --> BF16, shape = {2560, 512}
INFO:hf-to-gguf:blk.31.indexer.k_proj.weight,     torch.bfloat16 --> BF16, shape = {2560, 128}
INFO:hf-to-gguf:blk.31.indexer.k_norm.weight,     torch.bfloat16 --> F32, shape = {128}
INFO:hf-to-gguf:blk.31.indexer.q_norm.weight,     torch.bfloat16 --> F32, shape = {128}
INFO:hf-to-gguf:blk.31.attn_k_norm.weight,        torch.bfloat16 --> F32, shape = {256}
INFO:hf-to-gguf:blk.31.attn_k.weight,             torch.bfloat16 --> Q8_0, shape = {2560, 512}
INFO:hf-to-gguf:blk.31.attn_output.weight,        torch.bfloat16 --> Q8_0, shape = {6144, 2560}
INFO:hf-to-gguf:blk.31.attn_q_norm.weight,        torch.bfloat16 --> F32, shape = {256}
INFO:hf-to-gguf:blk.31.attn_q.weight,             torch.bfloat16 --> Q8_0, shape = {2560, 12288}
INFO:hf-to-gguf:blk.31.attn_v.weight,             torch.bfloat16 --> Q8_0, shape = {2560, 512}
INFO:hf-to-gguf:blk.32.hc_attn_inject.weight,     torch.bfloat16 --> F16, shape = {10240, 4}
INFO:hf-to-gguf:blk.32.hc_attn_norm.weight,       torch.bfloat16 --> F32, shape = {10240}
INFO:hf-to-gguf:blk.32.hc_attn_down.weight,       torch.bfloat16 --> F16, shape = {10240, 320}
INFO:hf-to-gguf:blk.32.hc_attn_up.weight,         torch.bfloat16 --> F16, shape = {320, 10240}
INFO:hf-to-gguf:blk.32.ssm_a,                     torch.bfloat16 --> F32, shape = {48}
INFO:hf-to-gguf:blk.32.ssm_conv1d.weight,         torch.bfloat16 --> F32, shape = {4, 10240}
INFO:hf-to-gguf:blk.32.ssm_dt.bias,               torch.bfloat16 --> F32, shape = {48}
INFO:hf-to-gguf:blk.32.ssm_alpha.weight,          torch.bfloat16 --> Q8_0, shape = {2560, 48}
INFO:hf-to-gguf:blk.32.ssm_beta.weight,           torch.bfloat16 --> Q8_0, shape = {2560, 48}
INFO:hf-to-gguf:blk.32.attn_qkv.weight,           torch.bfloat16 --> Q8_0, shape = {2560, 10240}
INFO:hf-to-gguf:blk.32.attn_gate.weight,          torch.bfloat16 --> Q8_0, shape = {2560, 6144}
INFO:hf-to-gguf:blk.32.ssm_norm.weight,           torch.bfloat16 --> F32, shape = {128}
INFO:hf-to-gguf:blk.32.ssm_out.weight,            torch.bfloat16 --> Q8_0, shape = {6144, 2560}
INFO:hf-to-gguf:blk.48.hc_ffn_down.weight,        torch.bfloat16 --> F16, shape = {10240, 320}
INFO:hf-to-gguf:blk.32.ffn_gate_exps.weight,      torch.bfloat16 --> Q4_K, shape = {2560, 640, 512}
INFO:hf-to-gguf:blk.32.ffn_up_exps.weight,        torch.bfloat16 --> Q4_K, shape = {2560, 640, 512}
INFO:hf-to-gguf:blk.32.ffn_down_exps.weight,      torch.bfloat16 --> Q8_0, shape = {640, 2560, 512}
INFO:hf-to-gguf:blk.32.ffn_gate_inp.weight,       torch.bfloat16 --> F32, shape = {2560, 512}
INFO:hf-to-gguf:blk.32.ffn_down_shexp.weight,     torch.bfloat16 --> Q8_0, shape = {640, 2560}
INFO:hf-to-gguf:blk.32.ffn_gate_shexp.weight,     torch.bfloat16 --> Q8_0, shape = {2560, 640}
INFO:hf-to-gguf:blk.32.ffn_up_shexp.weight,       torch.bfloat16 --> Q8_0, shape = {2560, 640}
INFO:hf-to-gguf:blk.32.ffn_gate_inp_shexp.weight, torch.bfloat16 --> F32, shape = {2560, 1}
INFO:hf-to-gguf:blk.32.hc_ffn_inject.weight,      torch.bfloat16 --> F16, shape = {10240, 4}
INFO:hf-to-gguf:blk.32.hc_ffn_norm.weight,        torch.bfloat16 --> F32, shape = {10240}
INFO:hf-to-gguf:blk.32.hc_ffn_down.weight,        torch.bfloat16 --> F16, shape = {10240, 320}
INFO:hf-to-gguf:blk.32.hc_ffn_up.weight,          torch.bfloat16 --> F16, shape = {320, 10240}
INFO:hf-to-gguf:blk.33.hc_attn_inject.weight,     torch.bfloat16 --> F16, shape = {10240, 4}
INFO:hf-to-gguf:blk.33.hc_attn_norm.weight,       torch.bfloat16 --> F32, shape = {10240}
INFO:hf-to-gguf:blk.33.hc_attn_down.weight,       torch.bfloat16 --> F16, shape = {10240, 320}
INFO:hf-to-gguf:blk.33.hc_attn_up.weight,         torch.bfloat16 --> F16, shape = {320, 10240}
INFO:hf-to-gguf:blk.33.ssm_a,                     torch.bfloat16 --> F32, shape = {48}
INFO:hf-to-gguf:blk.33.ssm_conv1d.weight,         torch.bfloat16 --> F32, shape = {4, 10240}
INFO:hf-to-gguf:blk.33.ssm_dt.bias,               torch.bfloat16 --> F32, shape = {48}
INFO:hf-to-gguf:blk.33.ssm_alpha.weight,          torch.bfloat16 --> Q8_0, shape = {2560, 48}
INFO:hf-to-gguf:blk.33.ssm_beta.weight,           torch.bfloat16 --> Q8_0, shape = {2560, 48}
INFO:hf-to-gguf:blk.33.attn_qkv.weight,           torch.bfloat16 --> Q8_0, shape = {2560, 10240}
INFO:hf-to-gguf:blk.33.attn_gate.weight,          torch.bfloat16 --> Q8_0, shape = {2560, 6144}
INFO:hf-to-gguf:blk.33.ssm_norm.weight,           torch.bfloat16 --> F32, shape = {128}
INFO:hf-to-gguf:blk.33.ssm_out.weight,            torch.bfloat16 --> Q8_0, shape = {6144, 2560}
INFO:hf-to-gguf:blk.48.hc_ffn_up.weight,          torch.bfloat16 --> F16, shape = {320, 10240}
INFO:hf-to-gguf:blk.33.ffn_gate_exps.weight,      torch.bfloat16 --> Q4_K, shape = {2560, 640, 512}
INFO:hf-to-gguf:blk.33.ffn_up_exps.weight,        torch.bfloat16 --> Q4_K, shape = {2560, 640, 512}
INFO:hf-to-gguf:blk.33.ffn_down_exps.weight,      torch.bfloat16 --> Q8_0, shape = {640, 2560, 512}
INFO:hf-to-gguf:blk.33.ffn_gate_inp.weight,       torch.bfloat16 --> F32, shape = {2560, 512}
INFO:hf-to-gguf:blk.33.ffn_down_shexp.weight,     torch.bfloat16 --> Q8_0, shape = {640, 2560}
INFO:hf-to-gguf:blk.33.ffn_gate_shexp.weight,     torch.bfloat16 --> Q8_0, shape = {2560, 640}
INFO:hf-to-gguf:blk.33.ffn_up_shexp.weight,       torch.bfloat16 --> Q8_0, shape = {2560, 640}
INFO:hf-to-gguf:blk.33.ffn_gate_inp_shexp.weight, torch.bfloat16 --> F32, shape = {2560, 1}
INFO:hf-to-gguf:blk.33.hc_ffn_inject.weight,      torch.bfloat16 --> F16, shape = {10240, 4}
INFO:hf-to-gguf:blk.33.hc_ffn_norm.weight,        torch.bfloat16 --> F32, shape = {10240}
INFO:hf-to-gguf:blk.33.hc_ffn_down.weight,        torch.bfloat16 --> F16, shape = {10240, 320}
INFO:hf-to-gguf:blk.33.hc_ffn_up.weight,          torch.bfloat16 --> F16, shape = {320, 10240}
INFO:hf-to-gguf:blk.34.hc_attn_inject.weight,     torch.bfloat16 --> F16, shape = {10240, 4}
INFO:hf-to-gguf:blk.34.hc_attn_norm.weight,       torch.bfloat16 --> F32, shape = {10240}
INFO:hf-to-gguf:blk.34.hc_attn_down.weight,       torch.bfloat16 --> F16, shape = {10240, 320}
INFO:hf-to-gguf:blk.34.hc_attn_up.weight,         torch.bfloat16 --> F16, shape = {320, 10240}
INFO:hf-to-gguf:blk.34.ssm_a,                     torch.bfloat16 --> F32, shape = {48}
INFO:hf-to-gguf:blk.34.ssm_conv1d.weight,         torch.bfloat16 --> F32, shape = {4, 10240}
INFO:hf-to-gguf:blk.34.ssm_dt.bias,               torch.bfloat16 --> F32, shape = {48}
INFO:hf-to-gguf:blk.34.ssm_alpha.weight,          torch.bfloat16 --> Q8_0, shape = {2560, 48}
INFO:hf-to-gguf:blk.34.ssm_beta.weight,           torch.bfloat16 --> Q8_0, shape = {2560, 48}
INFO:hf-to-gguf:blk.34.attn_qkv.weight,           torch.bfloat16 --> Q8_0, shape = {2560, 10240}
INFO:hf-to-gguf:blk.34.attn_gate.weight,          torch.bfloat16 --> Q8_0, shape = {2560, 6144}
INFO:hf-to-gguf:blk.34.ssm_norm.weight,           torch.bfloat16 --> F32, shape = {128}
INFO:hf-to-gguf:blk.34.ssm_out.weight,            torch.bfloat16 --> Q8_0, shape = {6144, 2560}
INFO:hf-to-gguf:blk.48.indexer.q_proj.weight,     torch.bfloat16 --> BF16, shape = {2560, 512}
INFO:hf-to-gguf:blk.48.indexer.k_proj.weight,     torch.bfloat16 --> BF16, shape = {2560, 128}
INFO:hf-to-gguf:blk.34.ffn_gate_exps.weight,      torch.bfloat16 --> Q4_K, shape = {2560, 640, 512}
INFO:hf-to-gguf:blk.34.ffn_up_exps.weight,        torch.bfloat16 --> Q4_K, shape = {2560, 640, 512}
INFO:hf-to-gguf:blk.34.ffn_down_exps.weight,      torch.bfloat16 --> Q8_0, shape = {640, 2560, 512}
INFO:hf-to-gguf:blk.34.ffn_gate_inp.weight,       torch.bfloat16 --> F32, shape = {2560, 512}
INFO:hf-to-gguf:blk.34.ffn_down_shexp.weight,     torch.bfloat16 --> Q8_0, shape = {640, 2560}
INFO:hf-to-gguf:blk.34.ffn_gate_shexp.weight,     torch.bfloat16 --> Q8_0, shape = {2560, 640}
INFO:hf-to-gguf:blk.34.ffn_up_shexp.weight,       torch.bfloat16 --> Q8_0, shape = {2560, 640}
INFO:hf-to-gguf:blk.34.ffn_gate_inp_shexp.weight, torch.bfloat16 --> F32, shape = {2560, 1}
INFO:hf-to-gguf:blk.34.hc_ffn_inject.weight,      torch.bfloat16 --> F16, shape = {10240, 4}
INFO:hf-to-gguf:blk.34.hc_ffn_norm.weight,        torch.bfloat16 --> F32, shape = {10240}
INFO:hf-to-gguf:blk.34.hc_ffn_down.weight,        torch.bfloat16 --> F16, shape = {10240, 320}
INFO:hf-to-gguf:blk.34.hc_ffn_up.weight,          torch.bfloat16 --> F16, shape = {320, 10240}
INFO:hf-to-gguf:blk.35.hc_attn_inject.weight,     torch.bfloat16 --> F16, shape = {10240, 4}
INFO:hf-to-gguf:blk.35.hc_attn_norm.weight,       torch.bfloat16 --> F32, shape = {10240}
INFO:hf-to-gguf:blk.35.hc_attn_down.weight,       torch.bfloat16 --> F16, shape = {10240, 320}
INFO:hf-to-gguf:blk.35.hc_attn_up.weight,         torch.bfloat16 --> F16, shape = {320, 10240}
INFO:hf-to-gguf:blk.35.ffn_gate_exps.weight,      torch.bfloat16 --> Q4_K, shape = {2560, 640, 512}
INFO:hf-to-gguf:blk.35.ffn_up_exps.weight,        torch.bfloat16 --> Q4_K, shape = {2560, 640, 512}
INFO:hf-to-gguf:blk.35.ffn_down_exps.weight,      torch.bfloat16 --> Q8_0, shape = {640, 2560, 512}
INFO:hf-to-gguf:blk.35.ffn_gate_inp.weight,       torch.bfloat16 --> F32, shape = {2560, 512}
INFO:hf-to-gguf:blk.35.ffn_down_shexp.weight,     torch.bfloat16 --> Q8_0, shape = {640, 2560}
INFO:hf-to-gguf:blk.35.ffn_gate_shexp.weight,     torch.bfloat16 --> Q8_0, shape = {2560, 640}
INFO:hf-to-gguf:blk.35.ffn_up_shexp.weight,       torch.bfloat16 --> Q8_0, shape = {2560, 640}
INFO:hf-to-gguf:blk.35.ffn_gate_inp_shexp.weight, torch.bfloat16 --> F32, shape = {2560, 1}
INFO:hf-to-gguf:blk.35.hc_ffn_inject.weight,      torch.bfloat16 --> F16, shape = {10240, 4}
INFO:hf-to-gguf:blk.35.hc_ffn_norm.weight,        torch.bfloat16 --> F32, shape = {10240}
INFO:hf-to-gguf:blk.35.hc_ffn_down.weight,        torch.bfloat16 --> F16, shape = {10240, 320}
INFO:hf-to-gguf:blk.35.hc_ffn_up.weight,          torch.bfloat16 --> F16, shape = {320, 10240}
INFO:hf-to-gguf:blk.35.indexer.q_proj.weight,     torch.bfloat16 --> BF16, shape = {2560, 512}
INFO:hf-to-gguf:blk.35.indexer.k_proj.weight,     torch.bfloat16 --> BF16, shape = {2560, 128}
INFO:hf-to-gguf:blk.35.indexer.k_norm.weight,     torch.bfloat16 --> F32, shape = {128}
INFO:hf-to-gguf:blk.35.indexer.q_norm.weight,     torch.bfloat16 --> F32, shape = {128}
INFO:hf-to-gguf:blk.35.attn_k_norm.weight,        torch.bfloat16 --> F32, shape = {256}
INFO:hf-to-gguf:blk.35.attn_k.weight,             torch.bfloat16 --> Q8_0, shape = {2560, 512}
INFO:hf-to-gguf:blk.35.attn_output.weight,        torch.bfloat16 --> Q8_0, shape = {6144, 2560}
INFO:hf-to-gguf:blk.35.attn_q_norm.weight,        torch.bfloat16 --> F32, shape = {256}
INFO:hf-to-gguf:blk.35.attn_q.weight,             torch.bfloat16 --> Q8_0, shape = {2560, 12288}
INFO:hf-to-gguf:blk.35.attn_v.weight,             torch.bfloat16 --> Q8_0, shape = {2560, 512}
INFO:hf-to-gguf:blk.36.hc_attn_inject.weight,     torch.bfloat16 --> F16, shape = {10240, 4}
INFO:hf-to-gguf:blk.36.hc_attn_norm.weight,       torch.bfloat16 --> F32, shape = {10240}
INFO:hf-to-gguf:blk.36.hc_attn_down.weight,       torch.bfloat16 --> F16, shape = {10240, 320}
INFO:hf-to-gguf:blk.36.hc_attn_up.weight,         torch.bfloat16 --> F16, shape = {320, 10240}
INFO:hf-to-gguf:blk.36.ssm_a,                     torch.bfloat16 --> F32, shape = {48}
INFO:hf-to-gguf:blk.36.ssm_conv1d.weight,         torch.bfloat16 --> F32, shape = {4, 10240}
INFO:hf-to-gguf:blk.36.ssm_dt.bias,               torch.bfloat16 --> F32, shape = {48}
INFO:hf-to-gguf:blk.36.ssm_alpha.weight,          torch.bfloat16 --> Q8_0, shape = {2560, 48}
INFO:hf-to-gguf:blk.36.ssm_beta.weight,           torch.bfloat16 --> Q8_0, shape = {2560, 48}
INFO:hf-to-gguf:blk.36.attn_qkv.weight,           torch.bfloat16 --> Q8_0, shape = {2560, 10240}
INFO:hf-to-gguf:blk.36.attn_gate.weight,          torch.bfloat16 --> Q8_0, shape = {2560, 6144}
INFO:hf-to-gguf:blk.36.ssm_norm.weight,           torch.bfloat16 --> F32, shape = {128}
INFO:hf-to-gguf:blk.36.ssm_out.weight,            torch.bfloat16 --> Q8_0, shape = {6144, 2560}
INFO:hf-to-gguf:blk.48.indexer.k_norm.weight,     torch.bfloat16 --> F32, shape = {128}
INFO:hf-to-gguf:blk.36.ffn_gate_exps.weight,      torch.bfloat16 --> Q4_K, shape = {2560, 640, 512}
INFO:hf-to-gguf:blk.36.ffn_up_exps.weight,        torch.bfloat16 --> Q4_K, shape = {2560, 640, 512}
INFO:hf-to-gguf:blk.36.ffn_down_exps.weight,      torch.bfloat16 --> Q8_0, shape = {640, 2560, 512}
INFO:hf-to-gguf:blk.36.ffn_gate_inp.weight,       torch.bfloat16 --> F32, shape = {2560, 512}
INFO:hf-to-gguf:blk.36.ffn_down_shexp.weight,     torch.bfloat16 --> Q8_0, shape = {640, 2560}
INFO:hf-to-gguf:blk.36.ffn_gate_shexp.weight,     torch.bfloat16 --> Q8_0, shape = {2560, 640}
INFO:hf-to-gguf:blk.36.ffn_up_shexp.weight,       torch.bfloat16 --> Q8_0, shape = {2560, 640}
INFO:hf-to-gguf:blk.36.ffn_gate_inp_shexp.weight, torch.bfloat16 --> F32, shape = {2560, 1}
INFO:hf-to-gguf:blk.36.hc_ffn_inject.weight,      torch.bfloat16 --> F16, shape = {10240, 4}
INFO:hf-to-gguf:blk.36.hc_ffn_norm.weight,        torch.bfloat16 --> F32, shape = {10240}
INFO:hf-to-gguf:blk.36.hc_ffn_down.weight,        torch.bfloat16 --> F16, shape = {10240, 320}
INFO:hf-to-gguf:blk.36.hc_ffn_up.weight,          torch.bfloat16 --> F16, shape = {320, 10240}
INFO:hf-to-gguf:blk.37.hc_attn_inject.weight,     torch.bfloat16 --> F16, shape = {10240, 4}
INFO:hf-to-gguf:blk.37.hc_attn_norm.weight,       torch.bfloat16 --> F32, shape = {10240}
INFO:hf-to-gguf:blk.37.hc_attn_down.weight,       torch.bfloat16 --> F16, shape = {10240, 320}
INFO:hf-to-gguf:blk.37.hc_attn_up.weight,         torch.bfloat16 --> F16, shape = {320, 10240}
INFO:hf-to-gguf:blk.37.ssm_a,                     torch.bfloat16 --> F32, shape = {48}
INFO:hf-to-gguf:blk.37.ssm_conv1d.weight,         torch.bfloat16 --> F32, shape = {4, 10240}
INFO:hf-to-gguf:blk.37.ssm_dt.bias,               torch.bfloat16 --> F32, shape = {48}
INFO:hf-to-gguf:blk.37.ssm_alpha.weight,          torch.bfloat16 --> Q8_0, shape = {2560, 48}
INFO:hf-to-gguf:blk.37.ssm_beta.weight,           torch.bfloat16 --> Q8_0, shape = {2560, 48}
INFO:hf-to-gguf:blk.37.attn_qkv.weight,           torch.bfloat16 --> Q8_0, shape = {2560, 10240}
INFO:hf-to-gguf:blk.37.attn_gate.weight,          torch.bfloat16 --> Q8_0, shape = {2560, 6144}
INFO:hf-to-gguf:blk.37.ssm_norm.weight,           torch.bfloat16 --> F32, shape = {128}
INFO:hf-to-gguf:blk.37.ssm_out.weight,            torch.bfloat16 --> Q8_0, shape = {6144, 2560}
INFO:hf-to-gguf:blk.37.ffn_gate_exps.weight,      torch.bfloat16 --> Q4_K, shape = {2560, 640, 512}
INFO:hf-to-gguf:blk.37.ffn_up_exps.weight,        torch.bfloat16 --> Q4_K, shape = {2560, 640, 512}
INFO:hf-to-gguf:blk.37.ffn_down_exps.weight,      torch.bfloat16 --> Q8_0, shape = {640, 2560, 512}
INFO:hf-to-gguf:blk.37.ffn_gate_inp.weight,       torch.bfloat16 --> F32, shape = {2560, 512}
INFO:hf-to-gguf:blk.37.ffn_down_shexp.weight,     torch.bfloat16 --> Q8_0, shape = {640, 2560}
INFO:hf-to-gguf:blk.37.ffn_gate_shexp.weight,     torch.bfloat16 --> Q8_0, shape = {2560, 640}
INFO:hf-to-gguf:blk.37.ffn_up_shexp.weight,       torch.bfloat16 --> Q8_0, shape = {2560, 640}
INFO:hf-to-gguf:blk.37.ffn_gate_inp_shexp.weight, torch.bfloat16 --> F32, shape = {2560, 1}
INFO:hf-to-gguf:blk.37.hc_ffn_inject.weight,      torch.bfloat16 --> F16, shape = {10240, 4}
INFO:hf-to-gguf:blk.37.hc_ffn_norm.weight,        torch.bfloat16 --> F32, shape = {10240}
INFO:hf-to-gguf:blk.37.hc_ffn_down.weight,        torch.bfloat16 --> F16, shape = {10240, 320}
INFO:hf-to-gguf:blk.37.hc_ffn_up.weight,          torch.bfloat16 --> F16, shape = {320, 10240}
INFO:hf-to-gguf:blk.38.hc_attn_inject.weight,     torch.bfloat16 --> F16, shape = {10240, 4}
INFO:hf-to-gguf:blk.38.hc_attn_norm.weight,       torch.bfloat16 --> F32, shape = {10240}
INFO:hf-to-gguf:blk.38.hc_attn_down.weight,       torch.bfloat16 --> F16, shape = {10240, 320}
INFO:hf-to-gguf:blk.38.hc_attn_up.weight,         torch.bfloat16 --> F16, shape = {320, 10240}
INFO:hf-to-gguf:blk.38.ssm_a,                     torch.bfloat16 --> F32, shape = {48}
INFO:hf-to-gguf:blk.38.ssm_conv1d.weight,         torch.bfloat16 --> F32, shape = {4, 10240}
INFO:hf-to-gguf:blk.38.ssm_dt.bias,               torch.bfloat16 --> F32, shape = {48}
INFO:hf-to-gguf:blk.38.ssm_alpha.weight,          torch.bfloat16 --> Q8_0, shape = {2560, 48}
INFO:hf-to-gguf:blk.38.ssm_beta.weight,           torch.bfloat16 --> Q8_0, shape = {2560, 48}
INFO:hf-to-gguf:blk.38.attn_qkv.weight,           torch.bfloat16 --> Q8_0, shape = {2560, 10240}
INFO:hf-to-gguf:blk.38.attn_gate.weight,          torch.bfloat16 --> Q8_0, shape = {2560, 6144}
INFO:hf-to-gguf:blk.38.ssm_norm.weight,           torch.bfloat16 --> F32, shape = {128}
INFO:hf-to-gguf:blk.38.ssm_out.weight,            torch.bfloat16 --> Q8_0, shape = {6144, 2560}
INFO:hf-to-gguf:blk.38.ffn_gate_exps.weight,      torch.bfloat16 --> Q4_K, shape = {2560, 640, 512}
INFO:hf-to-gguf:blk.38.ffn_up_exps.weight,        torch.bfloat16 --> Q4_K, shape = {2560, 640, 512}
INFO:hf-to-gguf:blk.38.ffn_down_exps.weight,      torch.bfloat16 --> Q8_0, shape = {640, 2560, 512}
INFO:hf-to-gguf:blk.38.ffn_gate_inp.weight,       torch.bfloat16 --> F32, shape = {2560, 512}
INFO:hf-to-gguf:blk.38.ffn_down_shexp.weight,     torch.bfloat16 --> Q8_0, shape = {640, 2560}
INFO:hf-to-gguf:blk.38.ffn_gate_shexp.weight,     torch.bfloat16 --> Q8_0, shape = {2560, 640}
INFO:hf-to-gguf:blk.38.ffn_up_shexp.weight,       torch.bfloat16 --> Q8_0, shape = {2560, 640}
INFO:hf-to-gguf:blk.38.ffn_gate_inp_shexp.weight, torch.bfloat16 --> F32, shape = {2560, 1}
INFO:hf-to-gguf:blk.38.hc_ffn_inject.weight,      torch.bfloat16 --> F16, shape = {10240, 4}
INFO:hf-to-gguf:blk.38.hc_ffn_norm.weight,        torch.bfloat16 --> F32, shape = {10240}
INFO:hf-to-gguf:blk.38.hc_ffn_down.weight,        torch.bfloat16 --> F16, shape = {10240, 320}
INFO:hf-to-gguf:blk.38.hc_ffn_up.weight,          torch.bfloat16 --> F16, shape = {320, 10240}
INFO:hf-to-gguf:blk.39.hc_attn_inject.weight,     torch.bfloat16 --> F16, shape = {10240, 4}
INFO:hf-to-gguf:blk.39.hc_attn_norm.weight,       torch.bfloat16 --> F32, shape = {10240}
INFO:hf-to-gguf:blk.39.hc_attn_down.weight,       torch.bfloat16 --> F16, shape = {10240, 320}
INFO:hf-to-gguf:blk.39.hc_attn_up.weight,         torch.bfloat16 --> F16, shape = {320, 10240}
INFO:hf-to-gguf:blk.48.indexer.q_norm.weight,     torch.bfloat16 --> F32, shape = {128}
INFO:hf-to-gguf:blk.39.ffn_gate_exps.weight,      torch.bfloat16 --> Q4_K, shape = {2560, 640, 512}
INFO:hf-to-gguf:blk.39.ffn_up_exps.weight,        torch.bfloat16 --> Q4_K, shape = {2560, 640, 512}
INFO:hf-to-gguf:blk.39.ffn_down_exps.weight,      torch.bfloat16 --> Q8_0, shape = {640, 2560, 512}
INFO:hf-to-gguf:blk.39.ffn_gate_inp.weight,       torch.bfloat16 --> F32, shape = {2560, 512}
INFO:hf-to-gguf:blk.39.ffn_down_shexp.weight,     torch.bfloat16 --> Q8_0, shape = {640, 2560}
INFO:hf-to-gguf:blk.39.ffn_gate_shexp.weight,     torch.bfloat16 --> Q8_0, shape = {2560, 640}
INFO:hf-to-gguf:blk.39.ffn_up_shexp.weight,       torch.bfloat16 --> Q8_0, shape = {2560, 640}
INFO:hf-to-gguf:blk.39.ffn_gate_inp_shexp.weight, torch.bfloat16 --> F32, shape = {2560, 1}
INFO:hf-to-gguf:blk.39.hc_ffn_inject.weight,      torch.bfloat16 --> F16, shape = {10240, 4}
INFO:hf-to-gguf:blk.39.hc_ffn_norm.weight,        torch.bfloat16 --> F32, shape = {10240}
INFO:hf-to-gguf:blk.39.hc_ffn_down.weight,        torch.bfloat16 --> F16, shape = {10240, 320}
INFO:hf-to-gguf:blk.39.hc_ffn_up.weight,          torch.bfloat16 --> F16, shape = {320, 10240}
INFO:hf-to-gguf:blk.39.indexer.q_proj.weight,     torch.bfloat16 --> BF16, shape = {2560, 512}
INFO:hf-to-gguf:blk.39.indexer.k_proj.weight,     torch.bfloat16 --> BF16, shape = {2560, 128}
INFO:hf-to-gguf:blk.39.indexer.k_norm.weight,     torch.bfloat16 --> F32, shape = {128}
INFO:hf-to-gguf:blk.39.indexer.q_norm.weight,     torch.bfloat16 --> F32, shape = {128}
INFO:hf-to-gguf:blk.39.attn_k_norm.weight,        torch.bfloat16 --> F32, shape = {256}
INFO:hf-to-gguf:blk.39.attn_k.weight,             torch.bfloat16 --> Q8_0, shape = {2560, 512}
INFO:hf-to-gguf:blk.39.attn_output.weight,        torch.bfloat16 --> Q8_0, shape = {6144, 2560}
INFO:hf-to-gguf:blk.39.attn_q_norm.weight,        torch.bfloat16 --> F32, shape = {256}
INFO:hf-to-gguf:blk.39.attn_q.weight,             torch.bfloat16 --> Q8_0, shape = {2560, 12288}
INFO:hf-to-gguf:blk.39.attn_v.weight,             torch.bfloat16 --> Q8_0, shape = {2560, 512}
INFO:hf-to-gguf:blk.4.hc_attn_inject.weight,      torch.bfloat16 --> F16, shape = {10240, 4}
INFO:hf-to-gguf:blk.4.hc_attn_norm.weight,        torch.bfloat16 --> F32, shape = {10240}
INFO:hf-to-gguf:blk.4.hc_attn_down.weight,        torch.bfloat16 --> F16, shape = {10240, 320}
INFO:hf-to-gguf:blk.4.hc_attn_up.weight,          torch.bfloat16 --> F16, shape = {320, 10240}
INFO:hf-to-gguf:blk.4.ssm_a,                      torch.bfloat16 --> F32, shape = {48}
INFO:hf-to-gguf:blk.4.ssm_conv1d.weight,          torch.bfloat16 --> F32, shape = {4, 10240}
INFO:hf-to-gguf:blk.4.ssm_dt.bias,                torch.bfloat16 --> F32, shape = {48}
INFO:hf-to-gguf:blk.4.ssm_alpha.weight,           torch.bfloat16 --> Q8_0, shape = {2560, 48}
INFO:hf-to-gguf:blk.4.ssm_beta.weight,            torch.bfloat16 --> Q8_0, shape = {2560, 48}
INFO:hf-to-gguf:blk.4.attn_qkv.weight,            torch.bfloat16 --> Q8_0, shape = {2560, 10240}
INFO:hf-to-gguf:blk.4.attn_gate.weight,           torch.bfloat16 --> Q8_0, shape = {2560, 6144}
INFO:hf-to-gguf:blk.4.ssm_norm.weight,            torch.bfloat16 --> F32, shape = {128}
INFO:hf-to-gguf:blk.4.ssm_out.weight,             torch.bfloat16 --> Q8_0, shape = {6144, 2560}
INFO:hf-to-gguf:blk.48.attn_k_norm.weight,        torch.bfloat16 --> F32, shape = {256}
INFO:hf-to-gguf:blk.4.ffn_gate_exps.weight,       torch.bfloat16 --> Q4_K, shape = {2560, 640, 512}
INFO:hf-to-gguf:blk.4.ffn_up_exps.weight,         torch.bfloat16 --> Q4_K, shape = {2560, 640, 512}
INFO:hf-to-gguf:blk.4.ffn_down_exps.weight,       torch.bfloat16 --> Q8_0, shape = {640, 2560, 512}
INFO:hf-to-gguf:blk.4.ffn_gate_inp.weight,        torch.bfloat16 --> F32, shape = {2560, 512}
INFO:hf-to-gguf:blk.4.ffn_down_shexp.weight,      torch.bfloat16 --> Q8_0, shape = {640, 2560}
INFO:hf-to-gguf:blk.4.ffn_gate_shexp.weight,      torch.bfloat16 --> Q8_0, shape = {2560, 640}
INFO:hf-to-gguf:blk.4.ffn_up_shexp.weight,        torch.bfloat16 --> Q8_0, shape = {2560, 640}
INFO:hf-to-gguf:blk.4.ffn_gate_inp_shexp.weight,  torch.bfloat16 --> F32, shape = {2560, 1}
INFO:hf-to-gguf:blk.4.hc_ffn_inject.weight,       torch.bfloat16 --> F16, shape = {10240, 4}
INFO:hf-to-gguf:blk.4.hc_ffn_norm.weight,         torch.bfloat16 --> F32, shape = {10240}
INFO:hf-to-gguf:blk.4.hc_ffn_down.weight,         torch.bfloat16 --> F16, shape = {10240, 320}
INFO:hf-to-gguf:blk.4.hc_ffn_up.weight,           torch.bfloat16 --> F16, shape = {320, 10240}
INFO:hf-to-gguf:blk.40.hc_attn_inject.weight,     torch.bfloat16 --> F16, shape = {10240, 4}
INFO:hf-to-gguf:blk.40.hc_attn_norm.weight,       torch.bfloat16 --> F32, shape = {10240}
INFO:hf-to-gguf:blk.40.hc_attn_down.weight,       torch.bfloat16 --> F16, shape = {10240, 320}
INFO:hf-to-gguf:blk.40.hc_attn_up.weight,         torch.bfloat16 --> F16, shape = {320, 10240}
INFO:hf-to-gguf:blk.40.ssm_a,                     torch.bfloat16 --> F32, shape = {48}
INFO:hf-to-gguf:blk.40.ssm_conv1d.weight,         torch.bfloat16 --> F32, shape = {4, 10240}
INFO:hf-to-gguf:blk.40.ssm_dt.bias,               torch.bfloat16 --> F32, shape = {48}
INFO:hf-to-gguf:blk.40.ssm_alpha.weight,          torch.bfloat16 --> Q8_0, shape = {2560, 48}
INFO:hf-to-gguf:blk.40.ssm_beta.weight,           torch.bfloat16 --> Q8_0, shape = {2560, 48}
INFO:hf-to-gguf:blk.40.attn_qkv.weight,           torch.bfloat16 --> Q8_0, shape = {2560, 10240}
INFO:hf-to-gguf:blk.40.attn_gate.weight,          torch.bfloat16 --> Q8_0, shape = {2560, 6144}
INFO:hf-to-gguf:blk.40.ssm_norm.weight,           torch.bfloat16 --> F32, shape = {128}
INFO:hf-to-gguf:blk.40.ssm_out.weight,            torch.bfloat16 --> Q8_0, shape = {6144, 2560}
INFO:hf-to-gguf:blk.40.ffn_gate_exps.weight,      torch.bfloat16 --> Q4_K, shape = {2560, 640, 512}
INFO:hf-to-gguf:blk.40.ffn_up_exps.weight,        torch.bfloat16 --> Q4_K, shape = {2560, 640, 512}
INFO:hf-to-gguf:blk.40.ffn_down_exps.weight,      torch.bfloat16 --> Q8_0, shape = {640, 2560, 512}
INFO:hf-to-gguf:blk.40.ffn_gate_inp.weight,       torch.bfloat16 --> F32, shape = {2560, 512}
INFO:hf-to-gguf:blk.40.ffn_down_shexp.weight,     torch.bfloat16 --> Q8_0, shape = {640, 2560}
INFO:hf-to-gguf:blk.40.ffn_gate_shexp.weight,     torch.bfloat16 --> Q8_0, shape = {2560, 640}
INFO:hf-to-gguf:blk.40.ffn_up_shexp.weight,       torch.bfloat16 --> Q8_0, shape = {2560, 640}
INFO:hf-to-gguf:blk.40.ffn_gate_inp_shexp.weight, torch.bfloat16 --> F32, shape = {2560, 1}
INFO:hf-to-gguf:blk.40.hc_ffn_inject.weight,      torch.bfloat16 --> F16, shape = {10240, 4}
INFO:hf-to-gguf:blk.40.hc_ffn_norm.weight,        torch.bfloat16 --> F32, shape = {10240}
INFO:hf-to-gguf:blk.40.hc_ffn_down.weight,        torch.bfloat16 --> F16, shape = {10240, 320}
INFO:hf-to-gguf:blk.40.hc_ffn_up.weight,          torch.bfloat16 --> F16, shape = {320, 10240}
INFO:hf-to-gguf:blk.41.hc_attn_inject.weight,     torch.bfloat16 --> F16, shape = {10240, 4}
INFO:hf-to-gguf:blk.41.hc_attn_norm.weight,       torch.bfloat16 --> F32, shape = {10240}
INFO:hf-to-gguf:blk.41.hc_attn_down.weight,       torch.bfloat16 --> F16, shape = {10240, 320}
INFO:hf-to-gguf:blk.41.hc_attn_up.weight,         torch.bfloat16 --> F16, shape = {320, 10240}
INFO:hf-to-gguf:blk.41.ssm_a,                     torch.bfloat16 --> F32, shape = {48}
INFO:hf-to-gguf:blk.41.ssm_conv1d.weight,         torch.bfloat16 --> F32, shape = {4, 10240}
INFO:hf-to-gguf:blk.41.ssm_dt.bias,               torch.bfloat16 --> F32, shape = {48}
INFO:hf-to-gguf:blk.41.ssm_alpha.weight,          torch.bfloat16 --> Q8_0, shape = {2560, 48}
INFO:hf-to-gguf:blk.41.ssm_beta.weight,           torch.bfloat16 --> Q8_0, shape = {2560, 48}
INFO:hf-to-gguf:blk.41.attn_qkv.weight,           torch.bfloat16 --> Q8_0, shape = {2560, 10240}
INFO:hf-to-gguf:blk.41.attn_gate.weight,          torch.bfloat16 --> Q8_0, shape = {2560, 6144}
INFO:hf-to-gguf:blk.41.ssm_norm.weight,           torch.bfloat16 --> F32, shape = {128}
INFO:hf-to-gguf:blk.41.ssm_out.weight,            torch.bfloat16 --> Q8_0, shape = {6144, 2560}
INFO:hf-to-gguf:blk.48.attn_output.weight,        torch.bfloat16 --> Q8_0, shape = {6144, 2560}
INFO:hf-to-gguf:blk.41.ffn_gate_exps.weight,      torch.bfloat16 --> Q4_K, shape = {2560, 640, 512}
INFO:hf-to-gguf:blk.41.ffn_up_exps.weight,        torch.bfloat16 --> Q4_K, shape = {2560, 640, 512}
INFO:hf-to-gguf:blk.41.ffn_down_exps.weight,      torch.bfloat16 --> Q8_0, shape = {640, 2560, 512}
INFO:hf-to-gguf:blk.41.ffn_gate_inp.weight,       torch.bfloat16 --> F32, shape = {2560, 512}
INFO:hf-to-gguf:blk.41.ffn_down_shexp.weight,     torch.bfloat16 --> Q8_0, shape = {640, 2560}
INFO:hf-to-gguf:blk.41.ffn_gate_shexp.weight,     torch.bfloat16 --> Q8_0, shape = {2560, 640}
INFO:hf-to-gguf:blk.41.ffn_up_shexp.weight,       torch.bfloat16 --> Q8_0, shape = {2560, 640}
INFO:hf-to-gguf:blk.41.ffn_gate_inp_shexp.weight, torch.bfloat16 --> F32, shape = {2560, 1}
INFO:hf-to-gguf:blk.41.hc_ffn_inject.weight,      torch.bfloat16 --> F16, shape = {10240, 4}
INFO:hf-to-gguf:blk.41.hc_ffn_norm.weight,        torch.bfloat16 --> F32, shape = {10240}
INFO:hf-to-gguf:blk.41.hc_ffn_down.weight,        torch.bfloat16 --> F16, shape = {10240, 320}
INFO:hf-to-gguf:blk.41.hc_ffn_up.weight,          torch.bfloat16 --> F16, shape = {320, 10240}
INFO:hf-to-gguf:blk.42.hc_attn_inject.weight,     torch.bfloat16 --> F16, shape = {10240, 4}
INFO:hf-to-gguf:blk.42.hc_attn_norm.weight,       torch.bfloat16 --> F32, shape = {10240}
INFO:hf-to-gguf:blk.42.hc_attn_down.weight,       torch.bfloat16 --> F16, shape = {10240, 320}
INFO:hf-to-gguf:blk.42.hc_attn_up.weight,         torch.bfloat16 --> F16, shape = {320, 10240}
INFO:hf-to-gguf:blk.42.ssm_a,                     torch.bfloat16 --> F32, shape = {48}
INFO:hf-to-gguf:blk.42.ssm_conv1d.weight,         torch.bfloat16 --> F32, shape = {4, 10240}
INFO:hf-to-gguf:blk.42.ssm_dt.bias,               torch.bfloat16 --> F32, shape = {48}
INFO:hf-to-gguf:blk.42.ssm_alpha.weight,          torch.bfloat16 --> Q8_0, shape = {2560, 48}
INFO:hf-to-gguf:blk.42.ssm_beta.weight,           torch.bfloat16 --> Q8_0, shape = {2560, 48}
INFO:hf-to-gguf:blk.42.attn_qkv.weight,           torch.bfloat16 --> Q8_0, shape = {2560, 10240}
INFO:hf-to-gguf:blk.42.attn_gate.weight,          torch.bfloat16 --> Q8_0, shape = {2560, 6144}
INFO:hf-to-gguf:blk.42.ssm_norm.weight,           torch.bfloat16 --> F32, shape = {128}
INFO:hf-to-gguf:blk.42.ssm_out.weight,            torch.bfloat16 --> Q8_0, shape = {6144, 2560}
INFO:hf-to-gguf:blk.48.attn_k.weight,             torch.bfloat16 --> Q8_0, shape = {2560, 512}
INFO:hf-to-gguf:blk.48.attn_q.weight,             torch.bfloat16 --> Q8_0, shape = {2560, 12288}
INFO:hf-to-gguf:blk.48.attn_v.weight,             torch.bfloat16 --> Q8_0, shape = {2560, 512}
INFO:hf-to-gguf:blk.42.ffn_gate_exps.weight,      torch.bfloat16 --> Q4_K, shape = {2560, 640, 512}
INFO:hf-to-gguf:blk.42.ffn_up_exps.weight,        torch.bfloat16 --> Q4_K, shape = {2560, 640, 512}
INFO:hf-to-gguf:blk.42.ffn_down_exps.weight,      torch.bfloat16 --> Q8_0, shape = {640, 2560, 512}
INFO:hf-to-gguf:blk.42.ffn_gate_inp.weight,       torch.bfloat16 --> F32, shape = {2560, 512}
INFO:hf-to-gguf:blk.42.ffn_down_shexp.weight,     torch.bfloat16 --> Q8_0, shape = {640, 2560}
INFO:hf-to-gguf:blk.42.ffn_gate_shexp.weight,     torch.bfloat16 --> Q8_0, shape = {2560, 640}
INFO:hf-to-gguf:blk.42.ffn_up_shexp.weight,       torch.bfloat16 --> Q8_0, shape = {2560, 640}
INFO:hf-to-gguf:blk.42.ffn_gate_inp_shexp.weight, torch.bfloat16 --> F32, shape = {2560, 1}
INFO:hf-to-gguf:blk.42.hc_ffn_inject.weight,      torch.bfloat16 --> F16, shape = {10240, 4}
INFO:hf-to-gguf:blk.42.hc_ffn_norm.weight,        torch.bfloat16 --> F32, shape = {10240}
INFO:hf-to-gguf:blk.42.hc_ffn_down.weight,        torch.bfloat16 --> F16, shape = {10240, 320}
INFO:hf-to-gguf:blk.42.hc_ffn_up.weight,          torch.bfloat16 --> F16, shape = {320, 10240}
INFO:hf-to-gguf:blk.43.hc_attn_inject.weight,     torch.bfloat16 --> F16, shape = {10240, 4}
INFO:hf-to-gguf:blk.43.hc_attn_norm.weight,       torch.bfloat16 --> F32, shape = {10240}
INFO:hf-to-gguf:blk.43.hc_attn_down.weight,       torch.bfloat16 --> F16, shape = {10240, 320}
INFO:hf-to-gguf:blk.43.hc_attn_up.weight,         torch.bfloat16 --> F16, shape = {320, 10240}
INFO:hf-to-gguf:blk.43.ffn_gate_exps.weight,      torch.bfloat16 --> Q4_K, shape = {2560, 640, 512}
INFO:hf-to-gguf:blk.43.ffn_up_exps.weight,        torch.bfloat16 --> Q4_K, shape = {2560, 640, 512}
INFO:hf-to-gguf:blk.43.ffn_down_exps.weight,      torch.bfloat16 --> Q8_0, shape = {640, 2560, 512}
INFO:hf-to-gguf:blk.43.ffn_gate_inp.weight,       torch.bfloat16 --> F32, shape = {2560, 512}
INFO:hf-to-gguf:blk.43.ffn_down_shexp.weight,     torch.bfloat16 --> Q8_0, shape = {640, 2560}
INFO:hf-to-gguf:blk.43.ffn_gate_shexp.weight,     torch.bfloat16 --> Q8_0, shape = {2560, 640}
INFO:hf-to-gguf:blk.43.ffn_up_shexp.weight,       torch.bfloat16 --> Q8_0, shape = {2560, 640}
INFO:hf-to-gguf:blk.43.ffn_gate_inp_shexp.weight, torch.bfloat16 --> F32, shape = {2560, 1}
INFO:hf-to-gguf:blk.43.hc_ffn_inject.weight,      torch.bfloat16 --> F16, shape = {10240, 4}
INFO:hf-to-gguf:blk.43.hc_ffn_norm.weight,        torch.bfloat16 --> F32, shape = {10240}
INFO:hf-to-gguf:blk.43.hc_ffn_down.weight,        torch.bfloat16 --> F16, shape = {10240, 320}
INFO:hf-to-gguf:blk.43.hc_ffn_up.weight,          torch.bfloat16 --> F16, shape = {320, 10240}
INFO:hf-to-gguf:blk.43.indexer.q_proj.weight,     torch.bfloat16 --> BF16, shape = {2560, 512}
INFO:hf-to-gguf:blk.43.indexer.k_proj.weight,     torch.bfloat16 --> BF16, shape = {2560, 128}
INFO:hf-to-gguf:blk.43.indexer.k_norm.weight,     torch.bfloat16 --> F32, shape = {128}
INFO:hf-to-gguf:blk.43.indexer.q_norm.weight,     torch.bfloat16 --> F32, shape = {128}
INFO:hf-to-gguf:blk.43.attn_k_norm.weight,        torch.bfloat16 --> F32, shape = {256}
INFO:hf-to-gguf:blk.43.attn_k.weight,             torch.bfloat16 --> Q8_0, shape = {2560, 512}
INFO:hf-to-gguf:blk.43.attn_output.weight,        torch.bfloat16 --> Q8_0, shape = {6144, 2560}
INFO:hf-to-gguf:blk.43.attn_q_norm.weight,        torch.bfloat16 --> F32, shape = {256}
INFO:hf-to-gguf:blk.43.attn_q.weight,             torch.bfloat16 --> Q8_0, shape = {2560, 12288}
INFO:hf-to-gguf:blk.43.attn_v.weight,             torch.bfloat16 --> Q8_0, shape = {2560, 512}
INFO:hf-to-gguf:blk.44.hc_attn_inject.weight,     torch.bfloat16 --> F16, shape = {10240, 4}
INFO:hf-to-gguf:blk.44.hc_attn_norm.weight,       torch.bfloat16 --> F32, shape = {10240}
INFO:hf-to-gguf:blk.44.hc_attn_down.weight,       torch.bfloat16 --> F16, shape = {10240, 320}
INFO:hf-to-gguf:blk.44.hc_attn_up.weight,         torch.bfloat16 --> F16, shape = {320, 10240}
INFO:hf-to-gguf:blk.44.ssm_a,                     torch.bfloat16 --> F32, shape = {48}
INFO:hf-to-gguf:blk.44.ssm_conv1d.weight,         torch.bfloat16 --> F32, shape = {4, 10240}
INFO:hf-to-gguf:blk.44.ssm_dt.bias,               torch.bfloat16 --> F32, shape = {48}
INFO:hf-to-gguf:blk.44.ssm_alpha.weight,          torch.bfloat16 --> Q8_0, shape = {2560, 48}
INFO:hf-to-gguf:blk.44.ssm_beta.weight,           torch.bfloat16 --> Q8_0, shape = {2560, 48}
INFO:hf-to-gguf:blk.44.attn_qkv.weight,           torch.bfloat16 --> Q8_0, shape = {2560, 10240}
INFO:hf-to-gguf:blk.44.attn_gate.weight,          torch.bfloat16 --> Q8_0, shape = {2560, 6144}
INFO:hf-to-gguf:blk.44.ssm_norm.weight,           torch.bfloat16 --> F32, shape = {128}
INFO:hf-to-gguf:blk.44.ssm_out.weight,            torch.bfloat16 --> Q8_0, shape = {6144, 2560}
INFO:hf-to-gguf:blk.48.attn_q_norm.weight,        torch.bfloat16 --> F32, shape = {256}
INFO:hf-to-gguf:blk.44.ffn_gate_exps.weight,      torch.bfloat16 --> Q4_K, shape = {2560, 640, 512}
INFO:hf-to-gguf:blk.44.ffn_up_exps.weight,        torch.bfloat16 --> Q4_K, shape = {2560, 640, 512}
INFO:hf-to-gguf:blk.44.ffn_down_exps.weight,      torch.bfloat16 --> Q8_0, shape = {640, 2560, 512}
INFO:hf-to-gguf:blk.44.ffn_gate_inp.weight,       torch.bfloat16 --> F32, shape = {2560, 512}
INFO:hf-to-gguf:blk.44.ffn_down_shexp.weight,     torch.bfloat16 --> Q8_0, shape = {640, 2560}
INFO:hf-to-gguf:blk.44.ffn_gate_shexp.weight,     torch.bfloat16 --> Q8_0, shape = {2560, 640}
INFO:hf-to-gguf:blk.44.ffn_up_shexp.weight,       torch.bfloat16 --> Q8_0, shape = {2560, 640}
INFO:hf-to-gguf:blk.44.ffn_gate_inp_shexp.weight, torch.bfloat16 --> F32, shape = {2560, 1}
INFO:hf-to-gguf:blk.44.hc_ffn_inject.weight,      torch.bfloat16 --> F16, shape = {10240, 4}
INFO:hf-to-gguf:blk.44.hc_ffn_norm.weight,        torch.bfloat16 --> F32, shape = {10240}
INFO:hf-to-gguf:blk.44.hc_ffn_down.weight,        torch.bfloat16 --> F16, shape = {10240, 320}
INFO:hf-to-gguf:blk.44.hc_ffn_up.weight,          torch.bfloat16 --> F16, shape = {320, 10240}
INFO:hf-to-gguf:blk.45.hc_attn_inject.weight,     torch.bfloat16 --> F16, shape = {10240, 4}
INFO:hf-to-gguf:blk.45.hc_attn_norm.weight,       torch.bfloat16 --> F32, shape = {10240}
INFO:hf-to-gguf:blk.45.hc_attn_down.weight,       torch.bfloat16 --> F16, shape = {10240, 320}
INFO:hf-to-gguf:blk.45.hc_attn_up.weight,         torch.bfloat16 --> F16, shape = {320, 10240}
INFO:hf-to-gguf:blk.45.ssm_a,                     torch.bfloat16 --> F32, shape = {48}
INFO:hf-to-gguf:blk.45.ssm_conv1d.weight,         torch.bfloat16 --> F32, shape = {4, 10240}
INFO:hf-to-gguf:blk.45.ssm_dt.bias,               torch.bfloat16 --> F32, shape = {48}
INFO:hf-to-gguf:blk.45.ssm_alpha.weight,          torch.bfloat16 --> Q8_0, shape = {2560, 48}
INFO:hf-to-gguf:blk.45.ssm_beta.weight,           torch.bfloat16 --> Q8_0, shape = {2560, 48}
INFO:hf-to-gguf:blk.45.attn_qkv.weight,           torch.bfloat16 --> Q8_0, shape = {2560, 10240}
INFO:hf-to-gguf:blk.45.attn_gate.weight,          torch.bfloat16 --> Q8_0, shape = {2560, 6144}
INFO:hf-to-gguf:blk.45.ssm_norm.weight,           torch.bfloat16 --> F32, shape = {128}
INFO:hf-to-gguf:blk.45.ssm_out.weight,            torch.bfloat16 --> Q8_0, shape = {6144, 2560}
INFO:hf-to-gguf:blk.48.nextn.enorm.weight,        torch.bfloat16 --> F32, shape = {2560}
INFO:hf-to-gguf:blk.45.ffn_gate_exps.weight,      torch.bfloat16 --> Q4_K, shape = {2560, 640, 512}
INFO:hf-to-gguf:blk.45.ffn_up_exps.weight,        torch.bfloat16 --> Q4_K, shape = {2560, 640, 512}
INFO:hf-to-gguf:blk.45.ffn_down_exps.weight,      torch.bfloat16 --> Q8_0, shape = {640, 2560, 512}
INFO:hf-to-gguf:blk.45.ffn_gate_inp.weight,       torch.bfloat16 --> F32, shape = {2560, 512}
INFO:hf-to-gguf:blk.45.ffn_down_shexp.weight,     torch.bfloat16 --> Q8_0, shape = {640, 2560}
INFO:hf-to-gguf:blk.45.ffn_gate_shexp.weight,     torch.bfloat16 --> Q8_0, shape = {2560, 640}
INFO:hf-to-gguf:blk.45.ffn_up_shexp.weight,       torch.bfloat16 --> Q8_0, shape = {2560, 640}
INFO:hf-to-gguf:blk.45.ffn_gate_inp_shexp.weight, torch.bfloat16 --> F32, shape = {2560, 1}
INFO:hf-to-gguf:blk.45.hc_ffn_inject.weight,      torch.bfloat16 --> F16, shape = {10240, 4}
INFO:hf-to-gguf:blk.45.hc_ffn_norm.weight,        torch.bfloat16 --> F32, shape = {10240}
INFO:hf-to-gguf:blk.45.hc_ffn_down.weight,        torch.bfloat16 --> F16, shape = {10240, 320}
INFO:hf-to-gguf:blk.45.hc_ffn_up.weight,          torch.bfloat16 --> F16, shape = {320, 10240}
INFO:hf-to-gguf:blk.46.hc_attn_inject.weight,     torch.bfloat16 --> F16, shape = {10240, 4}
INFO:hf-to-gguf:blk.46.hc_attn_norm.weight,       torch.bfloat16 --> F32, shape = {10240}
INFO:hf-to-gguf:blk.46.hc_attn_down.weight,       torch.bfloat16 --> F16, shape = {10240, 320}
INFO:hf-to-gguf:blk.46.hc_attn_up.weight,         torch.bfloat16 --> F16, shape = {320, 10240}
INFO:hf-to-gguf:blk.46.ssm_a,                     torch.bfloat16 --> F32, shape = {48}
INFO:hf-to-gguf:blk.46.ssm_conv1d.weight,         torch.bfloat16 --> F32, shape = {4, 10240}
INFO:hf-to-gguf:blk.46.ssm_dt.bias,               torch.bfloat16 --> F32, shape = {48}
INFO:hf-to-gguf:blk.46.ssm_alpha.weight,          torch.bfloat16 --> Q8_0, shape = {2560, 48}
INFO:hf-to-gguf:blk.46.ssm_beta.weight,           torch.bfloat16 --> Q8_0, shape = {2560, 48}
INFO:hf-to-gguf:blk.46.attn_qkv.weight,           torch.bfloat16 --> Q8_0, shape = {2560, 10240}
INFO:hf-to-gguf:blk.46.attn_gate.weight,          torch.bfloat16 --> Q8_0, shape = {2560, 6144}
INFO:hf-to-gguf:blk.46.ssm_norm.weight,           torch.bfloat16 --> F32, shape = {128}
INFO:hf-to-gguf:blk.46.ssm_out.weight,            torch.bfloat16 --> Q8_0, shape = {6144, 2560}
INFO:hf-to-gguf:blk.46.ffn_gate_exps.weight,      torch.bfloat16 --> Q4_K, shape = {2560, 640, 512}
INFO:hf-to-gguf:blk.46.ffn_up_exps.weight,        torch.bfloat16 --> Q4_K, shape = {2560, 640, 512}
INFO:hf-to-gguf:blk.46.ffn_down_exps.weight,      torch.bfloat16 --> Q8_0, shape = {640, 2560, 512}
INFO:hf-to-gguf:blk.46.ffn_gate_inp.weight,       torch.bfloat16 --> F32, shape = {2560, 512}
INFO:hf-to-gguf:blk.46.ffn_down_shexp.weight,     torch.bfloat16 --> Q8_0, shape = {640, 2560}
INFO:hf-to-gguf:blk.46.ffn_gate_shexp.weight,     torch.bfloat16 --> Q8_0, shape = {2560, 640}
INFO:hf-to-gguf:blk.46.ffn_up_shexp.weight,       torch.bfloat16 --> Q8_0, shape = {2560, 640}
INFO:hf-to-gguf:blk.46.ffn_gate_inp_shexp.weight, torch.bfloat16 --> F32, shape = {2560, 1}
INFO:hf-to-gguf:blk.46.hc_ffn_inject.weight,      torch.bfloat16 --> F16, shape = {10240, 4}
INFO:hf-to-gguf:blk.46.hc_ffn_norm.weight,        torch.bfloat16 --> F32, shape = {10240}
INFO:hf-to-gguf:blk.46.hc_ffn_down.weight,        torch.bfloat16 --> F16, shape = {10240, 320}
INFO:hf-to-gguf:blk.46.hc_ffn_up.weight,          torch.bfloat16 --> F16, shape = {320, 10240}
INFO:hf-to-gguf:blk.47.hc_attn_inject.weight,     torch.bfloat16 --> F16, shape = {10240, 4}
INFO:hf-to-gguf:blk.47.hc_attn_norm.weight,       torch.bfloat16 --> F32, shape = {10240}
INFO:hf-to-gguf:blk.47.hc_attn_down.weight,       torch.bfloat16 --> F16, shape = {10240, 320}
INFO:hf-to-gguf:blk.47.hc_attn_up.weight,         torch.bfloat16 --> F16, shape = {320, 10240}
INFO:hf-to-gguf:blk.48.nextn.hnorm.weight,        torch.bfloat16 --> F32, shape = {10240}
INFO:hf-to-gguf:blk.47.ffn_gate_exps.weight,      torch.bfloat16 --> Q4_K, shape = {2560, 640, 512}
INFO:hf-to-gguf:blk.47.ffn_up_exps.weight,        torch.bfloat16 --> Q4_K, shape = {2560, 640, 512}
INFO:hf-to-gguf:blk.47.ffn_down_exps.weight,      torch.bfloat16 --> Q8_0, shape = {640, 2560, 512}
INFO:hf-to-gguf:blk.47.ffn_gate_inp.weight,       torch.bfloat16 --> F32, shape = {2560, 512}
INFO:hf-to-gguf:blk.47.ffn_down_shexp.weight,     torch.bfloat16 --> Q8_0, shape = {640, 2560}
INFO:hf-to-gguf:blk.47.ffn_gate_shexp.weight,     torch.bfloat16 --> Q8_0, shape = {2560, 640}
INFO:hf-to-gguf:blk.47.ffn_up_shexp.weight,       torch.bfloat16 --> Q8_0, shape = {2560, 640}
INFO:hf-to-gguf:blk.47.ffn_gate_inp_shexp.weight, torch.bfloat16 --> F32, shape = {2560, 1}
INFO:hf-to-gguf:blk.47.hc_ffn_inject.weight,      torch.bfloat16 --> F16, shape = {10240, 4}
INFO:hf-to-gguf:blk.47.hc_ffn_norm.weight,        torch.bfloat16 --> F32, shape = {10240}
INFO:hf-to-gguf:blk.47.hc_ffn_down.weight,        torch.bfloat16 --> F16, shape = {10240, 320}
INFO:hf-to-gguf:blk.47.hc_ffn_up.weight,          torch.bfloat16 --> F16, shape = {320, 10240}
INFO:hf-to-gguf:blk.47.indexer.q_proj.weight,     torch.bfloat16 --> BF16, shape = {2560, 512}
INFO:hf-to-gguf:blk.47.indexer.k_proj.weight,     torch.bfloat16 --> BF16, shape = {2560, 128}
INFO:hf-to-gguf:blk.47.indexer.k_norm.weight,     torch.bfloat16 --> F32, shape = {128}
INFO:hf-to-gguf:blk.47.indexer.q_norm.weight,     torch.bfloat16 --> F32, shape = {128}
INFO:hf-to-gguf:blk.47.attn_k_norm.weight,        torch.bfloat16 --> F32, shape = {256}
INFO:hf-to-gguf:blk.47.attn_k.weight,             torch.bfloat16 --> Q8_0, shape = {2560, 512}
INFO:hf-to-gguf:blk.47.attn_output.weight,        torch.bfloat16 --> Q8_0, shape = {6144, 2560}
INFO:hf-to-gguf:blk.47.attn_q_norm.weight,        torch.bfloat16 --> F32, shape = {256}
INFO:hf-to-gguf:blk.47.attn_q.weight,             torch.bfloat16 --> Q8_0, shape = {2560, 12288}
INFO:hf-to-gguf:blk.47.attn_v.weight,             torch.bfloat16 --> Q8_0, shape = {2560, 512}
INFO:hf-to-gguf:blk.5.hc_attn_inject.weight,      torch.bfloat16 --> F16, shape = {10240, 4}
INFO:hf-to-gguf:blk.5.hc_attn_norm.weight,        torch.bfloat16 --> F32, shape = {10240}
INFO:hf-to-gguf:blk.5.hc_attn_down.weight,        torch.bfloat16 --> F16, shape = {10240, 320}
INFO:hf-to-gguf:blk.5.hc_attn_up.weight,          torch.bfloat16 --> F16, shape = {320, 10240}
INFO:hf-to-gguf:blk.5.ssm_a,                      torch.bfloat16 --> F32, shape = {48}
INFO:hf-to-gguf:blk.5.ssm_conv1d.weight,          torch.bfloat16 --> F32, shape = {4, 10240}
INFO:hf-to-gguf:blk.5.ssm_dt.bias,                torch.bfloat16 --> F32, shape = {48}
INFO:hf-to-gguf:blk.5.ssm_alpha.weight,           torch.bfloat16 --> Q8_0, shape = {2560, 48}
INFO:hf-to-gguf:blk.5.ssm_beta.weight,            torch.bfloat16 --> Q8_0, shape = {2560, 48}
INFO:hf-to-gguf:blk.5.attn_qkv.weight,            torch.bfloat16 --> Q8_0, shape = {2560, 10240}
INFO:hf-to-gguf:blk.5.attn_gate.weight,           torch.bfloat16 --> Q8_0, shape = {2560, 6144}
INFO:hf-to-gguf:blk.5.ssm_norm.weight,            torch.bfloat16 --> F32, shape = {128}
INFO:hf-to-gguf:blk.5.ssm_out.weight,             torch.bfloat16 --> Q8_0, shape = {6144, 2560}
INFO:hf-to-gguf:blk.5.ffn_gate_exps.weight,       torch.bfloat16 --> Q4_K, shape = {2560, 640, 512}
INFO:hf-to-gguf:blk.5.ffn_up_exps.weight,         torch.bfloat16 --> Q4_K, shape = {2560, 640, 512}
INFO:hf-to-gguf:blk.5.ffn_down_exps.weight,       torch.bfloat16 --> Q8_0, shape = {640, 2560, 512}
INFO:hf-to-gguf:blk.5.ffn_gate_inp.weight,        torch.bfloat16 --> F32, shape = {2560, 512}
INFO:hf-to-gguf:blk.5.ffn_down_shexp.weight,      torch.bfloat16 --> Q8_0, shape = {640, 2560}
INFO:hf-to-gguf:blk.5.ffn_gate_shexp.weight,      torch.bfloat16 --> Q8_0, shape = {2560, 640}
INFO:hf-to-gguf:blk.5.ffn_up_shexp.weight,        torch.bfloat16 --> Q8_0, shape = {2560, 640}
INFO:hf-to-gguf:blk.5.ffn_gate_inp_shexp.weight,  torch.bfloat16 --> F32, shape = {2560, 1}
INFO:hf-to-gguf:blk.5.hc_ffn_inject.weight,       torch.bfloat16 --> F16, shape = {10240, 4}
INFO:hf-to-gguf:blk.5.hc_ffn_norm.weight,         torch.bfloat16 --> F32, shape = {10240}
INFO:hf-to-gguf:blk.5.hc_ffn_down.weight,         torch.bfloat16 --> F16, shape = {10240, 320}
INFO:hf-to-gguf:blk.5.hc_ffn_up.weight,           torch.bfloat16 --> F16, shape = {320, 10240}
INFO:hf-to-gguf:blk.6.hc_attn_inject.weight,      torch.bfloat16 --> F16, shape = {10240, 4}
INFO:hf-to-gguf:blk.6.hc_attn_norm.weight,        torch.bfloat16 --> F32, shape = {10240}
INFO:hf-to-gguf:blk.6.hc_attn_down.weight,        torch.bfloat16 --> F16, shape = {10240, 320}
INFO:hf-to-gguf:blk.6.hc_attn_up.weight,          torch.bfloat16 --> F16, shape = {320, 10240}
INFO:hf-to-gguf:blk.6.ssm_a,                      torch.bfloat16 --> F32, shape = {48}
INFO:hf-to-gguf:blk.6.ssm_conv1d.weight,          torch.bfloat16 --> F32, shape = {4, 10240}
INFO:hf-to-gguf:blk.6.ssm_dt.bias,                torch.bfloat16 --> F32, shape = {48}
INFO:hf-to-gguf:blk.6.ssm_alpha.weight,           torch.bfloat16 --> Q8_0, shape = {2560, 48}
INFO:hf-to-gguf:blk.6.ssm_beta.weight,            torch.bfloat16 --> Q8_0, shape = {2560, 48}
INFO:hf-to-gguf:blk.6.attn_qkv.weight,            torch.bfloat16 --> Q8_0, shape = {2560, 10240}
INFO:hf-to-gguf:blk.6.attn_gate.weight,           torch.bfloat16 --> Q8_0, shape = {2560, 6144}
INFO:hf-to-gguf:blk.6.ssm_norm.weight,            torch.bfloat16 --> F32, shape = {128}
INFO:hf-to-gguf:blk.6.ssm_out.weight,             torch.bfloat16 --> Q8_0, shape = {6144, 2560}
INFO:hf-to-gguf:blk.6.ffn_gate_exps.weight,       torch.bfloat16 --> Q4_K, shape = {2560, 640, 512}
INFO:hf-to-gguf:blk.6.ffn_up_exps.weight,         torch.bfloat16 --> Q4_K, shape = {2560, 640, 512}
INFO:hf-to-gguf:blk.6.ffn_down_exps.weight,       torch.bfloat16 --> Q8_0, shape = {640, 2560, 512}
INFO:hf-to-gguf:blk.6.ffn_gate_inp.weight,        torch.bfloat16 --> F32, shape = {2560, 512}
INFO:hf-to-gguf:blk.6.ffn_down_shexp.weight,      torch.bfloat16 --> Q8_0, shape = {640, 2560}
INFO:hf-to-gguf:blk.6.ffn_gate_shexp.weight,      torch.bfloat16 --> Q8_0, shape = {2560, 640}
INFO:hf-to-gguf:blk.6.ffn_up_shexp.weight,        torch.bfloat16 --> Q8_0, shape = {2560, 640}
INFO:hf-to-gguf:blk.6.ffn_gate_inp_shexp.weight,  torch.bfloat16 --> F32, shape = {2560, 1}
INFO:hf-to-gguf:blk.6.hc_ffn_inject.weight,       torch.bfloat16 --> F16, shape = {10240, 4}
INFO:hf-to-gguf:blk.6.hc_ffn_norm.weight,         torch.bfloat16 --> F32, shape = {10240}
INFO:hf-to-gguf:blk.6.hc_ffn_down.weight,         torch.bfloat16 --> F16, shape = {10240, 320}
INFO:hf-to-gguf:blk.6.hc_ffn_up.weight,           torch.bfloat16 --> F16, shape = {320, 10240}
INFO:hf-to-gguf:blk.7.hc_attn_inject.weight,      torch.bfloat16 --> F16, shape = {10240, 4}
INFO:hf-to-gguf:blk.7.hc_attn_norm.weight,        torch.bfloat16 --> F32, shape = {10240}
INFO:hf-to-gguf:blk.7.hc_attn_down.weight,        torch.bfloat16 --> F16, shape = {10240, 320}
INFO:hf-to-gguf:blk.7.hc_attn_up.weight,          torch.bfloat16 --> F16, shape = {320, 10240}
INFO:hf-to-gguf:blk.7.ffn_gate_exps.weight,       torch.bfloat16 --> Q4_K, shape = {2560, 640, 512}
INFO:hf-to-gguf:blk.7.ffn_up_exps.weight,         torch.bfloat16 --> Q4_K, shape = {2560, 640, 512}
INFO:hf-to-gguf:blk.7.ffn_down_exps.weight,       torch.bfloat16 --> Q8_0, shape = {640, 2560, 512}
INFO:hf-to-gguf:blk.7.ffn_gate_inp.weight,        torch.bfloat16 --> F32, shape = {2560, 512}
INFO:hf-to-gguf:blk.7.ffn_down_shexp.weight,      torch.bfloat16 --> Q8_0, shape = {640, 2560}
INFO:hf-to-gguf:blk.7.ffn_gate_shexp.weight,      torch.bfloat16 --> Q8_0, shape = {2560, 640}
INFO:hf-to-gguf:blk.7.ffn_up_shexp.weight,        torch.bfloat16 --> Q8_0, shape = {2560, 640}
INFO:hf-to-gguf:blk.7.ffn_gate_inp_shexp.weight,  torch.bfloat16 --> F32, shape = {2560, 1}
INFO:hf-to-gguf:blk.7.hc_ffn_inject.weight,       torch.bfloat16 --> F16, shape = {10240, 4}
INFO:hf-to-gguf:blk.7.hc_ffn_norm.weight,         torch.bfloat16 --> F32, shape = {10240}
INFO:hf-to-gguf:blk.7.hc_ffn_down.weight,         torch.bfloat16 --> F16, shape = {10240, 320}
INFO:hf-to-gguf:blk.7.hc_ffn_up.weight,           torch.bfloat16 --> F16, shape = {320, 10240}
INFO:hf-to-gguf:blk.7.indexer.q_proj.weight,      torch.bfloat16 --> BF16, shape = {2560, 512}
INFO:hf-to-gguf:blk.7.indexer.k_proj.weight,      torch.bfloat16 --> BF16, shape = {2560, 128}
INFO:hf-to-gguf:blk.7.indexer.k_norm.weight,      torch.bfloat16 --> F32, shape = {128}
INFO:hf-to-gguf:blk.7.indexer.q_norm.weight,      torch.bfloat16 --> F32, shape = {128}
INFO:hf-to-gguf:blk.7.attn_k_norm.weight,         torch.bfloat16 --> F32, shape = {256}
INFO:hf-to-gguf:blk.7.attn_k.weight,              torch.bfloat16 --> Q8_0, shape = {2560, 512}
INFO:hf-to-gguf:blk.7.attn_output.weight,         torch.bfloat16 --> Q8_0, shape = {6144, 2560}
INFO:hf-to-gguf:blk.7.attn_q_norm.weight,         torch.bfloat16 --> F32, shape = {256}
INFO:hf-to-gguf:blk.7.attn_q.weight,              torch.bfloat16 --> Q8_0, shape = {2560, 12288}
INFO:hf-to-gguf:blk.7.attn_v.weight,              torch.bfloat16 --> Q8_0, shape = {2560, 512}
INFO:hf-to-gguf:blk.8.hc_attn_inject.weight,      torch.bfloat16 --> F16, shape = {10240, 4}
INFO:hf-to-gguf:blk.8.hc_attn_norm.weight,        torch.bfloat16 --> F32, shape = {10240}
INFO:hf-to-gguf:blk.8.hc_attn_down.weight,        torch.bfloat16 --> F16, shape = {10240, 320}
INFO:hf-to-gguf:blk.8.hc_attn_up.weight,          torch.bfloat16 --> F16, shape = {320, 10240}
INFO:hf-to-gguf:blk.8.ssm_a,                      torch.bfloat16 --> F32, shape = {48}
INFO:hf-to-gguf:blk.8.ssm_conv1d.weight,          torch.bfloat16 --> F32, shape = {4, 10240}
INFO:hf-to-gguf:blk.8.ssm_dt.bias,                torch.bfloat16 --> F32, shape = {48}
INFO:hf-to-gguf:blk.8.ssm_alpha.weight,           torch.bfloat16 --> Q8_0, shape = {2560, 48}
INFO:hf-to-gguf:blk.8.ssm_beta.weight,            torch.bfloat16 --> Q8_0, shape = {2560, 48}
INFO:hf-to-gguf:blk.8.attn_qkv.weight,            torch.bfloat16 --> Q8_0, shape = {2560, 10240}
INFO:hf-to-gguf:blk.8.attn_gate.weight,           torch.bfloat16 --> Q8_0, shape = {2560, 6144}
INFO:hf-to-gguf:blk.8.ssm_norm.weight,            torch.bfloat16 --> F32, shape = {128}
INFO:hf-to-gguf:blk.8.ssm_out.weight,             torch.bfloat16 --> Q8_0, shape = {6144, 2560}
INFO:hf-to-gguf:blk.8.ffn_gate_exps.weight,       torch.bfloat16 --> Q4_K, shape = {2560, 640, 512}
INFO:hf-to-gguf:blk.8.ffn_up_exps.weight,         torch.bfloat16 --> Q4_K, shape = {2560, 640, 512}
INFO:hf-to-gguf:blk.8.ffn_down_exps.weight,       torch.bfloat16 --> Q8_0, shape = {640, 2560, 512}
INFO:hf-to-gguf:blk.8.ffn_gate_inp.weight,        torch.bfloat16 --> F32, shape = {2560, 512}
INFO:hf-to-gguf:blk.8.ffn_down_shexp.weight,      torch.bfloat16 --> Q8_0, shape = {640, 2560}
INFO:hf-to-gguf:blk.8.ffn_gate_shexp.weight,      torch.bfloat16 --> Q8_0, shape = {2560, 640}
INFO:hf-to-gguf:blk.8.ffn_up_shexp.weight,        torch.bfloat16 --> Q8_0, shape = {2560, 640}
INFO:hf-to-gguf:blk.8.ffn_gate_inp_shexp.weight,  torch.bfloat16 --> F32, shape = {2560, 1}
INFO:hf-to-gguf:blk.8.hc_ffn_inject.weight,       torch.bfloat16 --> F16, shape = {10240, 4}
INFO:hf-to-gguf:blk.8.hc_ffn_norm.weight,         torch.bfloat16 --> F32, shape = {10240}
INFO:hf-to-gguf:blk.8.hc_ffn_down.weight,         torch.bfloat16 --> F16, shape = {10240, 320}
INFO:hf-to-gguf:blk.8.hc_ffn_up.weight,           torch.bfloat16 --> F16, shape = {320, 10240}
INFO:hf-to-gguf:blk.9.hc_attn_inject.weight,      torch.bfloat16 --> F16, shape = {10240, 4}
INFO:hf-to-gguf:blk.9.hc_attn_norm.weight,        torch.bfloat16 --> F32, shape = {10240}
INFO:hf-to-gguf:blk.9.hc_attn_down.weight,        torch.bfloat16 --> F16, shape = {10240, 320}
INFO:hf-to-gguf:blk.9.hc_attn_up.weight,          torch.bfloat16 --> F16, shape = {320, 10240}
INFO:hf-to-gguf:blk.9.ssm_a,                      torch.bfloat16 --> F32, shape = {48}
INFO:hf-to-gguf:blk.9.ssm_conv1d.weight,          torch.bfloat16 --> F32, shape = {4, 10240}
INFO:hf-to-gguf:blk.9.ssm_dt.bias,                torch.bfloat16 --> F32, shape = {48}
INFO:hf-to-gguf:blk.9.ssm_alpha.weight,           torch.bfloat16 --> Q8_0, shape = {2560, 48}
INFO:hf-to-gguf:blk.9.ssm_beta.weight,            torch.bfloat16 --> Q8_0, shape = {2560, 48}
INFO:hf-to-gguf:blk.9.attn_qkv.weight,            torch.bfloat16 --> Q8_0, shape = {2560, 10240}
INFO:hf-to-gguf:blk.9.attn_gate.weight,           torch.bfloat16 --> Q8_0, shape = {2560, 6144}
INFO:hf-to-gguf:blk.9.ssm_norm.weight,            torch.bfloat16 --> F32, shape = {128}
INFO:hf-to-gguf:blk.9.ssm_out.weight,             torch.bfloat16 --> Q8_0, shape = {6144, 2560}
INFO:hf-to-gguf:blk.9.ffn_gate_exps.weight,       torch.bfloat16 --> Q4_K, shape = {2560, 640, 512}
INFO:hf-to-gguf:blk.9.ffn_up_exps.weight,         torch.bfloat16 --> Q4_K, shape = {2560, 640, 512}
INFO:hf-to-gguf:token_embd.weight,                torch.bfloat16 --> Q8_0, shape = {2560, 248320}
INFO:hf-to-gguf:blk.9.ffn_down_exps.weight,       torch.bfloat16 --> Q8_0, shape = {640, 2560, 512}
INFO:hf-to-gguf:blk.9.ffn_gate_inp.weight,        torch.bfloat16 --> F32, shape = {2560, 512}
INFO:hf-to-gguf:blk.9.ffn_down_shexp.weight,      torch.bfloat16 --> Q8_0, shape = {640, 2560}
INFO:hf-to-gguf:blk.9.ffn_gate_shexp.weight,      torch.bfloat16 --> Q8_0, shape = {2560, 640}
INFO:hf-to-gguf:blk.9.ffn_up_shexp.weight,        torch.bfloat16 --> Q8_0, shape = {2560, 640}
INFO:hf-to-gguf:blk.9.ffn_gate_inp_shexp.weight,  torch.bfloat16 --> F32, shape = {2560, 1}
INFO:hf-to-gguf:blk.9.hc_ffn_inject.weight,       torch.bfloat16 --> F16, shape = {10240, 4}
INFO:hf-to-gguf:blk.9.hc_ffn_norm.weight,         torch.bfloat16 --> F32, shape = {10240}
INFO:hf-to-gguf:blk.9.hc_ffn_down.weight,         torch.bfloat16 --> F16, shape = {10240, 320}
INFO:hf-to-gguf:blk.9.hc_ffn_up.weight,           torch.bfloat16 --> F16, shape = {320, 10240}
INFO:hf-to-gguf:output.weight,                    torch.bfloat16 --> Q8_0, shape = {2560, 248320}
INFO:hf-to-gguf:blk.48.nextn.eh_proj.weight,      torch.bfloat16 --> Q8_0, shape = {5120, 2560}
INFO:hf-to-gguf:Set meta model
INFO:hf-to-gguf:Set model parameters
INFO:hf-to-gguf:gguf: context length = 262144
INFO:hf-to-gguf:gguf: embedding length = 2560
INFO:hf-to-gguf:gguf: head count = 24
INFO:hf-to-gguf:gguf: key-value head count = 2
WARNING:hf-to-gguf:Unknown RoPE type: default
INFO:hf-to-gguf:gguf: rope scaling type = NONE
INFO:hf-to-gguf:gguf: mrope sections: [11, 11, 10, 0]
INFO:hf-to-gguf:gguf: rope theta = 10000000
INFO:hf-to-gguf:gguf: rms norm epsilon = 1e-06
INFO:hf-to-gguf:gguf: expert count = 512
INFO:hf-to-gguf:gguf: experts used count = 10
INFO:hf-to-gguf:gguf: file type = 7
INFO:hf-to-gguf:gguf: expert feed forward length = 640
INFO:hf-to-gguf:gguf: expert shared feed forward length = 640
INFO:hf-to-gguf:Set model quantization version
INFO:hf-to-gguf:Set model tokenizer
[transformers] You are using a model of type `qwen4_exp` to instantiate a model of type ``. This may be expected if you are loading a checkpoint that shares a subset of the architecture (e.g., loading a `sam2_video` checkpoint into `Sam2Model`), but is otherwise not supported and can yield errors. Please verify that the checkpoint is compatible with the model you are instantiating.
INFO:gguf.vocab:Adding 247587 merge(s).
INFO:gguf.vocab:Setting special token type eos to 248046
INFO:gguf.vocab:Setting special token type pad to 248044
INFO:gguf.vocab:Setting special token type bos to 248044
INFO:gguf.vocab:Setting add_bos_token to False
INFO:gguf.vocab:Setting chat_template to {%- set image_count = namespace(value=0) %}
{%- set video_count = namespace(value=0) %}
{%- macro render_content(content, do_vision_count, is_system_content=false) %}
    {%- if content is string %}
        {{- content }}
    {%- elif content is iterable and content is not mapping %}
        {%- for item in content %}
            {%- if 'image' in item or 'image_url' in item or item.type == 'image' %}
                {%- if is_system_content %}
                    {{- raise_exception('System message cannot contain images.') }}
                {%- endif %}
                {%- if do_vision_count %}
                    {%- set image_count.value = image_count.value + 1 %}
                {%- endif %}
                {%- if add_vision_id %}
                    {{- 'Picture ' ~ image_count.value ~ ': ' }}
                {%- endif %}
                {{- '<|vision_start|><|image_pad|><|vision_end|>' }}
            {%- elif 'video' in item or item.type == 'video' %}
                {%- if is_system_content %}
                    {{- raise_exception('System message cannot contain videos.') }}
                {%- endif %}
                {%- if do_vision_count %}
                    {%- set video_count.value = video_count.value + 1 %}
                {%- endif %}
                {%- if add_vision_id %}
                    {{- 'Video ' ~ video_count.value ~ ': ' }}
                {%- endif %}
                {{- '<|vision_start|><|video_pad|><|vision_end|>' }}
            {%- elif 'text' in item %}
                {{- item.text }}
            {%- else %}
                {{- raise_exception('Unexpected item type in content.') }}
            {%- endif %}
        {%- endfor %}
    {%- elif content is none or content is undefined %}
        {{- '' }}
    {%- else %}
        {{- raise_exception('Unexpected content type.') }}
    {%- endif %}
{%- endmacro %}
{%- if not messages %}
    {{- raise_exception('No messages provided.') }}
{%- endif %}
{%- set reasoning_instructions = '' %}
{%- if enable_thinking is undefined or enable_thinking is true %}
    {%- set resolved_reasoning_effort = reasoning_effort|default('xhigh') %}
    {%- if resolved_reasoning_effort not in ('xhigh', 'medium', 'low') %}
        {{- raise_exception('Unexpected reasoning effort ' ~ reasoning_effort ~ '. Supported types are xhigh (default), medium, and low.') }}
    {%- endif %}
    {%- if resolved_reasoning_effort == 'xhigh' %}
        {%- set reasoning_instructions = 'Reasoning effort is set to xhigh. Please think carefully through the task, validate key assumptions, consider plausible alternatives, and prioritize correctness, consistency, and clarity in the final answer.' %}
    {%- elif resolved_reasoning_effort == 'low' %}
        {%- set reasoning_instructions = 'Reasoning effort is set to low. Keep your thinking brief and focused, moving directly to the conclusion without unnecessary elaboration.' %}
    {%- endif %}
{%- endif %}
{%- if tools and tools is iterable and tools is not mapping %}
    {{- '<|im_start|>system\n' }}
    {%- if reasoning_instructions %}
        {{- reasoning_instructions + '\n\n' }}
    {%- endif %}
    {{- "# Tools\n\nYou have access to the following functions:\n\n<tools>" }}
    {%- for tool in tools %}
        {{- "\n" }}
        {{- tool | tojson }}
    {%- endfor %}
    {{- "\n</tools>" }}
    {{- '\n\nIf you choose to call a function ONLY reply in the following format with NO suffix:\n\n<tool_call>\n<function=example_function_name>\n<parameter=example_parameter_1>\nvalue_1\n</parameter>\n<parameter=example_parameter_2>\nThis is the value for the second parameter\nthat can span\nmultiple lines\n</parameter>\n</function>\n</tool_call>\n\n<IMPORTANT>\nReminder:\n- Function calls MUST follow the specified format: an inner <function=...></function> block must be nested within <tool_call></tool_call> XML tags\n- Required parameters MUST be specified\n- You may provide optional reasoning for your function call in natural language BEFORE the function call, but NOT after\n- If there is no function call available, answer the question like normal with your current knowledge and do not tell the user about function calls\n</IMPORTANT>' }}
    {%- if messages[0].role == 'system' %}
        {%- set content = render_content(messages[0].content, false, true)|trim %}
        {%- if content %}
            {{- '\n\n' + content }}
        {%- endif %}
    {%- endif %}
    {{- '<|im_end|>\n' }}
{%- else %}
    {%- if messages[0].role == 'system' %}
        {%- set content = render_content(messages[0].content, false, true)|trim %}
        {%- if content %}
            {{- '<|im_start|>system\n' + (reasoning_instructions + '\n\n' if reasoning_instructions else '')  + content + '<|im_end|>\n' }}
        {%- elif reasoning_instructions %}
            {{- '<|im_start|>system\n' + reasoning_instructions + '<|im_end|>\n' }}
        {%- endif %}
    {%- elif reasoning_instructions %}
        {{- '<|im_start|>system\n' + reasoning_instructions + '<|im_end|>\n' }}
    {%- endif %}
{%- endif %}
{%- set ns = namespace(multi_step_tool=true, last_query_index=messages|length - 1) %}
{%- for message in messages[::-1] %}
    {%- set index = (messages|length - 1) - loop.index0 %}
    {%- if ns.multi_step_tool and message.role == "user" %}
        {%- set content = render_content(message.content, false)|trim %}
        {%- if not(content.startswith('<tool_response>') and content.endswith('</tool_response>')) %}
            {%- set ns.multi_step_tool = false %}
            {%- set ns.last_query_index = index %}
        {%- endif %}
    {%- endif %}
{%- endfor %}
{%- if ns.multi_step_tool %}
    {{- raise_exception('No user query found in messages.') }}
{%- endif %}
{%- for message in messages %}
    {%- set content = render_content(message.content, true)|trim %}
    {%- if message.role == "system" %}
        {%- if not loop.first %}
            {{- raise_exception('System message must be at the beginning.') }}
        {%- endif %}
    {%- elif message.role == "user" %}
        {{- '<|im_start|>' + message.role + '\n' + content + '<|im_end|>' + '\n' }}
    {%- elif message.role == "assistant" %}
        {%- set reasoning_content = '' %}
        {%- if message.reasoning_content is string %}
            {%- set reasoning_content = message.reasoning_content %}
        {%- endif %}
        {%- set reasoning_content = reasoning_content|trim %}
        {%- if preserve_thinking is undefined or preserve_thinking is true or loop.index0 > ns.last_query_index %}
            {{- '<|im_start|>' + message.role + '\n<think>\n' + reasoning_content + '\n</think>\n\n' + content }}
        {%- else %}
            {{- '<|im_start|>' + message.role + '\n' + content }}
        {%- endif %}
        {%- if message.tool_calls and message.tool_calls is iterable and message.tool_calls is not mapping %}
            {%- for tool_call in message.tool_calls %}
                {%- if tool_call.function is defined %}
                    {%- set tool_call = tool_call.function %}
                {%- endif %}
                {%- if loop.first %}
                    {%- if content|trim %}
                        {{- '\n\n<tool_call>\n<function=' + tool_call.name + '>\n' }}
                    {%- else %}
                        {{- '<tool_call>\n<function=' + tool_call.name + '>\n' }}
                    {%- endif %}
                {%- else %}
                    {{- '\n<tool_call>\n<function=' + tool_call.name + '>\n' }}
                {%- endif %}
                {%- if tool_call.arguments is defined and tool_call.arguments != '' %}
                    {%- for args_name, args_value in tool_call.arguments|items %}
                        {{- '<parameter=' + args_name + '>\n' }}
                        {%- set args_value = args_value | string if args_value is string else args_value | tojson | safe %}
                        {{- args_value }}
                        {{- '\n</parameter>\n' }}
                    {%- endfor %}
                {%- endif %}
                {{- '</function>\n</tool_call>' }}
            {%- endfor %}
        {%- endif %}
        {{- '<|im_end|>\n' }}
    {%- elif message.role == "tool" %}
        {%- if loop.previtem and loop.previtem.role != "tool" %}
            {{- '<|im_start|>user' }}
        {%- endif %}
        {{- '\n<tool_response>\n' }}
        {{- content }}
        {{- '\n</tool_response>' }}
        {%- if not loop.last and loop.nextitem.role != "tool" %}
            {{- '<|im_end|>\n' }}
        {%- elif loop.last %}
            {{- '<|im_end|>\n' }}
        {%- endif %}
    {%- else %}
        {{- raise_exception('Unexpected message role.') }}
    {%- endif %}
{%- endfor %}
{%- if add_generation_prompt %}
    {{- '<|im_start|>assistant\n' }}
    {%- if enable_thinking is defined and enable_thinking is false %}
        {{- '<think>\n\n</think>\n\n' }}
    {%- else %}
        {{- '<think>\n' }}
    {%- endif %}
{%- endif %}
INFO:gguf.gguf_writer:Writing the following files:
INFO:gguf.gguf_writer:/Users/panda/models/gguf/Qwen3.8-Flash-Next-Uncensored-DS4-Q4KGateUp-Q8_0Down-MTP-imatrix.gguf.incomplete: n_tensors = 1255, total_size = 96.1G
Writing:   0%|          | 0.00/96.1G [00:00<?, ?byte/s]Writing:   0%|          | 54.7M/96.1G [00:00<07:15, 221Mbyte/s]Writing:   0%|          | 88.1M/96.1G [00:00<08:24, 190Mbyte/s]Writing:   1%|          | 1.03G/96.1G [00:00<00:36, 2.62Gbyte/s]Writing:   2%|▏         | 1.92G/96.1G [00:06<05:42, 275Mbyte/s] Writing:   3%|▎         | 2.49G/96.1G [00:06<04:28, 349Mbyte/s]Writing:   4%|▍         | 3.86G/96.1G [00:12<05:23, 285Mbyte/s]Writing:   4%|▍         | 3.99G/96.1G [00:13<05:43, 268Mbyte/s]Writing:   5%|▌         | 4.93G/96.1G [00:13<03:24, 446Mbyte/s]Writing:   6%|▌         | 5.83G/96.1G [00:18<05:32, 271Mbyte/s]Writing:   7%|▋         | 6.33G/96.1G [00:19<04:27, 335Mbyte/s]Writing:   8%|▊         | 7.70G/96.1G [00:25<05:18, 278Mbyte/s]Writing:   8%|▊         | 7.85G/96.1G [00:26<05:43, 257Mbyte/s]Writing:   9%|▉         | 8.80G/96.1G [00:26<03:35, 406Mbyte/s]Writing:  10%|█         | 9.69G/96.1G [00:32<05:40, 254Mbyte/s]Writing:  11%|█         | 10.3G/96.1G [00:33<04:49, 297Mbyte/s]Writing:  12%|█▏        | 11.6G/96.1G [00:39<05:21, 262Mbyte/s]Writing:  13%|█▎        | 12.2G/96.1G [00:40<04:38, 302Mbyte/s]Writing:  14%|█▍        | 13.6G/96.1G [00:45<05:04, 271Mbyte/s]Writing:  15%|█▍        | 14.1G/96.1G [00:46<04:16, 320Mbyte/s]Writing:  16%|█▌        | 15.4G/96.1G [00:51<04:43, 284Mbyte/s]Writing:  16%|█▌        | 15.5G/96.1G [00:52<04:54, 274Mbyte/s]Writing:  16%|█▌        | 15.6G/96.1G [00:52<05:05, 264Mbyte/s]Writing:  17%|█▋        | 16.5G/96.1G [00:53<02:55, 452Mbyte/s]Writing:  18%|█▊        | 17.4G/96.1G [00:58<04:54, 267Mbyte/s]Writing:  19%|█▊        | 18.0G/96.1G [00:59<04:06, 317Mbyte/s]Writing:  20%|██        | 19.4G/96.1G [01:05<04:39, 275Mbyte/s]Writing:  20%|██        | 19.5G/96.1G [01:06<04:53, 261Mbyte/s]Writing:  21%|██        | 20.4G/96.1G [01:06<03:02, 415Mbyte/s]Writing:  22%|██▏       | 21.3G/96.1G [01:12<04:44, 263Mbyte/s]Writing:  23%|██▎       | 21.8G/96.1G [01:12<03:51, 320Mbyte/s]Writing:  24%|██▍       | 23.2G/96.1G [01:18<04:23, 277Mbyte/s]Writing:  24%|██▍       | 23.3G/96.1G [01:19<04:40, 259Mbyte/s]Writing:  25%|██▌       | 24.3G/96.1G [01:19<02:57, 405Mbyte/s]Writing:  26%|██▌       | 25.2G/96.1G [01:24<04:23, 269Mbyte/s]Writing:  27%|██▋       | 25.7G/96.1G [01:25<03:40, 319Mbyte/s]Writing:  28%|██▊       | 26.7G/96.1G [01:25<02:23, 485Mbyte/s]Writing:  29%|██▉       | 28.0G/96.1G [01:31<03:27, 328Mbyte/s]Writing:  30%|███       | 29.0G/96.1G [01:37<04:31, 247Mbyte/s]Writing:  31%|███       | 29.5G/96.1G [01:38<03:46, 294Mbyte/s]Writing:  32%|███▏      | 30.9G/96.1G [01:43<04:05, 265Mbyte/s]Writing:  33%|███▎      | 31.4G/96.1G [01:44<03:33, 303Mbyte/s]Writing:  34%|███▍      | 32.8G/96.1G [01:50<03:52, 273Mbyte/s]Writing:  35%|███▍      | 33.3G/96.1G [01:50<03:17, 319Mbyte/s]Writing:  36%|███▌      | 34.7G/96.1G [01:56<03:39, 280Mbyte/s]Writing:  36%|███▌      | 34.8G/96.1G [01:57<03:47, 270Mbyte/s]Writing:  37%|███▋      | 35.3G/96.1G [01:57<03:05, 328Mbyte/s]Writing:  38%|███▊      | 36.7G/96.1G [02:03<03:35, 276Mbyte/s]Writing:  38%|███▊      | 36.7G/96.1G [02:04<03:42, 267Mbyte/s]Writing:  39%|███▉      | 37.2G/96.1G [02:04<02:53, 339Mbyte/s]Writing:  40%|████      | 38.6G/96.1G [02:10<03:25, 280Mbyte/s]Writing:  40%|████      | 38.7G/96.1G [02:10<03:33, 269Mbyte/s]Writing:  41%|████      | 39.2G/96.1G [02:10<02:43, 348Mbyte/s]Writing:  42%|████▏     | 40.5G/96.1G [02:16<03:17, 282Mbyte/s]Writing:  43%|████▎     | 41.1G/96.1G [02:16<02:41, 342Mbyte/s]Writing:  44%|████▍     | 42.4G/96.1G [02:22<03:06, 288Mbyte/s]Writing:  44%|████▍     | 42.5G/96.1G [02:23<03:16, 273Mbyte/s]Writing:  44%|████▍     | 42.6G/96.1G [02:23<03:25, 260Mbyte/s]Writing:  45%|████▌     | 43.5G/96.1G [02:24<01:54, 461Mbyte/s]Writing:  46%|████▌     | 44.4G/96.1G [02:29<03:17, 261Mbyte/s]Writing:  47%|████▋     | 45.0G/96.1G [02:30<02:45, 308Mbyte/s]Writing:  48%|████▊     | 46.3G/96.1G [02:36<03:07, 265Mbyte/s]Writing:  49%|████▉     | 46.9G/96.1G [02:37<02:35, 317Mbyte/s]Writing:  50%|█████     | 48.2G/96.1G [02:43<02:56, 272Mbyte/s]Writing:  50%|█████     | 48.3G/96.1G [02:43<03:03, 260Mbyte/s]Writing:  50%|█████     | 48.4G/96.1G [02:44<03:09, 251Mbyte/s]Writing:  51%|█████▏    | 49.3G/96.1G [02:44<01:45, 442Mbyte/s]Writing:  52%|█████▏    | 50.2G/96.1G [02:49<02:50, 269Mbyte/s]Writing:  53%|█████▎    | 50.7G/96.1G [02:50<02:15, 336Mbyte/s]Writing:  54%|█████▍    | 52.1G/96.1G [02:55<02:35, 284Mbyte/s]Writing:  54%|█████▍    | 52.2G/96.1G [02:56<02:44, 267Mbyte/s]Writing:  55%|█████▍    | 52.7G/96.1G [02:56<02:06, 342Mbyte/s]Writing:  56%|█████▋    | 54.1G/96.1G [03:02<02:30, 279Mbyte/s]Writing:  56%|█████▋    | 54.2G/96.1G [03:03<02:38, 264Mbyte/s]Writing:  57%|█████▋    | 55.1G/96.1G [03:03<01:35, 430Mbyte/s]Writing:  58%|█████▊    | 56.0G/96.1G [03:09<02:31, 264Mbyte/s]Writing:  59%|█████▉    | 56.6G/96.1G [03:10<02:06, 313Mbyte/s]Writing:  60%|██████    | 58.0G/96.1G [03:16<02:21, 270Mbyte/s]Writing:  61%|██████    | 58.5G/96.1G [03:16<01:57, 320Mbyte/s]Writing:  62%|██████▏   | 59.8G/96.1G [03:22<02:11, 275Mbyte/s]Writing:  62%|██████▏   | 59.9G/96.1G [03:23<02:19, 259Mbyte/s]Writing:  63%|██████▎   | 60.4G/96.1G [03:23<01:50, 324Mbyte/s]Writing:  64%|██████▍   | 61.8G/96.1G [03:29<02:00, 284Mbyte/s]Writing:  64%|██████▍   | 61.9G/96.1G [03:29<02:04, 274Mbyte/s]Writing:  65%|██████▍   | 62.4G/96.1G [03:29<01:35, 355Mbyte/s]Writing:  66%|██████▋   | 63.7G/96.1G [03:35<01:55, 280Mbyte/s]Writing:  66%|██████▋   | 63.8G/96.1G [03:36<02:01, 266Mbyte/s]Writing:  67%|██████▋   | 64.8G/96.1G [03:36<01:12, 434Mbyte/s]Writing:  68%|██████▊   | 65.7G/96.1G [03:42<01:53, 267Mbyte/s]Writing:  69%|██████▉   | 66.2G/96.1G [03:42<01:31, 328Mbyte/s]Writing:  70%|███████   | 67.6G/96.1G [03:47<01:39, 286Mbyte/s]Writing:  70%|███████   | 67.7G/96.1G [03:49<01:46, 268Mbyte/s]Writing:  71%|███████▏  | 68.6G/96.1G [03:49<01:05, 420Mbyte/s]Writing:  72%|███████▏  | 69.5G/96.1G [03:54<01:39, 267Mbyte/s]Writing:  73%|███████▎  | 70.1G/96.1G [03:55<01:23, 312Mbyte/s]Writing:  74%|███████▍  | 71.5G/96.1G [04:01<01:29, 275Mbyte/s]Writing:  75%|███████▍  | 72.1G/96.1G [04:02<01:16, 314Mbyte/s]Writing:  76%|███████▋  | 73.4G/96.1G [04:07<01:20, 283Mbyte/s]Writing:  76%|███████▋  | 73.5G/96.1G [04:08<01:22, 275Mbyte/s]Writing:  77%|███████▋  | 74.0G/96.1G [04:08<01:04, 340Mbyte/s]Writing:  78%|███████▊  | 75.4G/96.1G [04:14<01:12, 287Mbyte/s]Writing:  79%|███████▉  | 75.9G/96.1G [04:14<00:59, 342Mbyte/s]Writing:  80%|████████  | 77.3G/96.1G [04:20<01:05, 289Mbyte/s]Writing:  80%|████████  | 77.3G/96.1G [04:20<01:07, 279Mbyte/s]Writing:  81%|████████  | 77.4G/96.1G [04:21<01:09, 271Mbyte/s]Writing:  81%|████████  | 77.9G/96.1G [04:21<00:49, 370Mbyte/s]Writing:  82%|████████▏ | 79.3G/96.1G [04:27<01:00, 278Mbyte/s]Writing:  83%|████████▎ | 79.4G/96.1G [04:28<01:04, 260Mbyte/s]Writing:  84%|████████▎ | 80.3G/96.1G [04:28<00:36, 438Mbyte/s]Writing:  84%|████████▍ | 81.2G/96.1G [04:34<01:00, 248Mbyte/s]Writing:  85%|████████▌ | 81.8G/96.1G [04:35<00:48, 293Mbyte/s]Writing:  86%|████████▋ | 83.1G/96.1G [04:41<00:49, 260Mbyte/s]Writing:  87%|████████▋ | 83.6G/96.1G [04:41<00:39, 312Mbyte/s]Writing:  88%|████████▊ | 85.0G/96.1G [04:47<00:39, 281Mbyte/s]Writing:  89%|████████▊ | 85.1G/96.1G [04:48<00:41, 266Mbyte/s]Writing:  89%|████████▉ | 85.6G/96.1G [04:48<00:31, 334Mbyte/s]Writing:  91%|█████████ | 87.0G/96.1G [04:53<00:31, 287Mbyte/s]Writing:  91%|█████████ | 87.1G/96.1G [04:54<00:33, 272Mbyte/s]Writing:  92%|█████████▏| 88.0G/96.1G [04:54<00:18, 438Mbyte/s]Writing:  93%|█████████▎| 88.9G/96.1G [05:00<00:26, 271Mbyte/s]Writing:  93%|█████████▎| 89.4G/96.1G [05:00<00:20, 333Mbyte/s]Writing:  94%|█████████▍| 90.8G/96.1G [05:06<00:19, 278Mbyte/s]Writing:  95%|█████████▍| 90.9G/96.1G [05:07<00:20, 257Mbyte/s]Writing:  97%|█████████▋| 92.8G/96.1G [05:13<00:11, 285Mbyte/s]Writing:  97%|█████████▋| 92.9G/96.1G [05:14<00:11, 270Mbyte/s]Writing:  98%|█████████▊| 93.8G/96.1G [05:14<00:05, 410Mbyte/s]Writing:  98%|█████████▊| 94.5G/96.1G [05:18<00:05, 288Mbyte/s]Writing:  99%|█████████▉| 95.4G/96.1G [05:25<00:03, 212Mbyte/s]Writing: 100%|█████████▉| 96.1G/96.1G [05:30<00:00, 180Mbyte/s]Writing: 100%|██████████| 96.1G/96.1G [05:30<00:00, 290Mbyte/s]
wrote /Users/panda/models/gguf/Qwen3.8-Flash-Next-Uncensored-DS4-Q4KGateUp-Q8_0Down-MTP-imatrix.gguf (96.11 GB)
reconvert2 exit 0 2026-09-15T20:01:41-04:00
